rx_id,x,y,z
RX_0000,-162.507233,-239.374191,1.800000
RX_0001,-313.182739,-317.288757,1.800000
RX_0002,63.205582,-336.315704,1.800000
RX_0003,-173.803040,509.444000,1.800000
RX_0004,-241.539703,490.233429,1.800000
RX_0005,4.956523,-206.192093,1.800000
RX_0006,-363.261383,-1.582287,1.800000
RX_0007,143.599319,-426.437195,1.800000
RX_0008,223.618042,-349.530029,1.800000
RX_0009,110.403687,469.644989,1.800000
RX_0010,-300.903961,-120.325340,1.800000
RX_0011,295.367157,-127.599365,1.800000
RX_0012,-193.519012,-402.604950,1.800000
RX_0013,224.309631,-448.512665,1.800000
RX_0014,-294.574280,57.076508,1.800000
RX_0015,-429.161530,-152.915863,1.800000
RX_0016,-152.314331,-271.542023,1.800000
RX_0017,250.722183,-0.115040,1.800000
RX_0018,-155.248047,-315.695618,1.800000
RX_0019,-474.319427,-288.603058,1.800000
RX_0020,118.266319,-232.328934,1.800000
RX_0021,82.329552,-270.381256,1.800000
RX_0022,-265.457886,66.638412,1.800000
RX_0023,158.989349,210.056091,1.800000
RX_0024,420.809174,246.679108,1.800000
RX_0025,-307.237823,221.028503,1.800000
RX_0026,301.222229,126.201035,1.800000
RX_0027,-245.907852,-2.009766,1.800000
RX_0028,171.359344,-490.518585,1.800000
RX_0029,-258.465363,378.340942,1.800000
RX_0030,-8.681181,84.649445,1.800000
RX_0031,272.059967,-276.037415,1.800000
RX_0032,-105.183212,247.962708,1.800000
RX_0033,104.044327,-345.459442,1.800000
RX_0034,-180.429642,-125.249649,1.800000
RX_0035,226.657150,-77.388092,1.800000
RX_0036,342.654236,-21.322880,1.800000
RX_0037,396.921906,291.338715,1.800000
RX_0038,-169.738434,-238.016068,1.800000
RX_0039,-99.904961,291.159302,1.800000
RX_0040,-2.013683,-188.922958,1.800000
RX_0041,-234.373917,476.157684,1.800000
RX_0042,-223.036896,-371.730072,1.800000
RX_0043,442.312836,182.018707,1.800000
RX_0044,-294.405884,209.836258,1.800000
RX_0045,-215.055420,-189.248825,1.800000
RX_0046,-138.342590,-125.936256,1.800000
RX_0047,-45.417297,202.108597,1.800000
RX_0048,251.583496,-211.289825,1.800000
RX_0049,203.482986,-473.474670,1.800000
RX_0050,128.235779,-158.449203,1.800000
RX_0051,-355.931335,-388.621918,1.800000
RX_0052,-272.782043,65.101501,1.800000
RX_0053,64.388901,259.263184,1.800000
RX_0054,261.590698,-14.730422,1.800000
RX_0055,388.385132,-400.689789,1.800000
RX_0056,-66.258087,260.985291,1.800000
RX_0057,-458.655518,-285.422089,1.800000
RX_0058,120.155045,443.189178,1.800000
RX_0059,-94.655548,218.188950,1.800000
RX_0060,106.339790,-82.138107,1.800000
RX_0061,513.459717,-264.616028,1.800000
RX_0062,-101.170776,236.780350,1.800000
RX_0063,265.452820,-251.478699,1.800000
RX_0064,-347.586914,-442.335083,1.800000
RX_0065,-280.666321,174.378326,1.800000
RX_0066,-102.623932,114.225510,1.800000
RX_0067,-23.485128,144.242661,1.800000
RX_0068,-49.608131,-93.837753,1.800000
RX_0069,-450.633148,80.693481,1.800000
RX_0070,-34.158806,-227.715683,1.800000
RX_0071,274.237854,-438.190155,1.800000
RX_0072,349.227936,451.141510,1.800000
RX_0073,344.388641,492.189575,1.800000
RX_0074,-474.549042,-2.228336,1.800000
RX_0075,485.343018,-250.330276,1.800000
RX_0076,-23.973213,132.961594,1.800000
RX_0077,-247.213928,-489.354309,1.800000
RX_0078,-450.689331,-98.835442,1.800000
RX_0079,-373.797974,203.655029,1.800000
RX_0080,19.166971,240.746338,1.800000
RX_0081,268.397430,-260.298798,1.800000
RX_0082,138.106964,260.283142,1.800000
RX_0083,-338.712738,-10.764051,1.800000
RX_0084,-184.467285,-383.338318,1.800000
RX_0085,137.253220,-233.290329,1.800000
RX_0086,-361.839752,-14.923052,1.800000
RX_0087,-234.449188,-488.557648,1.800000
RX_0088,-164.893448,404.548279,1.800000
RX_0089,-464.672485,-262.134918,1.800000
RX_0090,-143.332138,-248.827362,1.800000
RX_0091,444.258850,167.403427,1.800000
RX_0092,-29.381813,163.809723,1.800000
RX_0093,184.035416,-153.349930,1.800000
RX_0094,-110.257317,420.698212,1.800000
RX_0095,-385.652283,443.518738,1.800000
RX_0096,-164.153458,-458.185028,1.800000
RX_0097,341.656158,-414.400024,1.800000
RX_0098,394.152924,451.580414,1.800000
RX_0099,-108.551346,257.768372,1.800000
RX_0100,507.951874,-259.911438,1.800000
RX_0101,-105.014633,-11.234523,1.800000
RX_0102,288.249664,631.843567,1.800000
RX_0103,-394.305573,-261.866791,1.800000
RX_0104,-229.127975,485.358582,1.800000
RX_0105,-372.556946,-335.469696,1.800000
RX_0106,-324.671722,8.863715,1.800000
RX_0107,-278.729126,368.964783,1.800000
RX_0108,-312.520538,-365.955109,1.800000
RX_0109,348.910309,341.398895,1.800000
RX_0110,-260.904602,355.346283,1.800000
RX_0111,-186.263840,-138.073013,1.800000
RX_0112,-150.477173,-238.669235,1.800000
RX_0113,309.614502,-198.628647,1.800000
RX_0114,149.701584,230.308090,1.800000
RX_0115,366.995514,-421.138306,1.800000
RX_0116,319.137482,53.345039,1.800000
RX_0117,-352.044861,-408.513062,1.800000
RX_0118,76.205124,260.349548,1.800000
RX_0119,352.342163,-209.963440,1.800000
RX_0120,-388.359100,177.301407,1.800000
RX_0121,-236.967453,-30.404087,1.800000
RX_0122,-13.525816,103.528236,1.800000
RX_0123,-15.356941,-336.738129,1.800000
RX_0124,11.562295,-206.546921,1.800000
RX_0125,83.891006,-494.279053,1.800000
RX_0126,-203.548126,-82.447830,1.800000
RX_0127,328.921204,431.880981,1.800000
RX_0128,115.966866,-78.642311,1.800000
RX_0129,-138.555954,504.007751,1.800000
RX_0130,211.309280,204.565552,1.800000
RX_0131,-215.125961,-63.019020,1.800000
RX_0132,11.760655,25.633190,1.800000
RX_0133,135.572983,-395.496704,1.800000
RX_0134,-88.601784,-518.679932,1.800000
RX_0135,231.853699,-138.468826,1.800000
RX_0136,129.613556,375.724426,1.800000
RX_0137,437.931274,-340.964752,1.800000
RX_0138,278.519440,-60.016983,1.800000
RX_0139,125.066223,-236.053513,1.800000
RX_0140,56.954712,-339.144196,1.800000
RX_0141,-241.517334,-136.147018,1.800000
RX_0142,-293.998749,-301.096893,1.800000
RX_0143,291.502930,167.871887,1.800000
RX_0144,-212.880035,-197.751495,1.800000
RX_0145,-46.310741,441.188080,1.800000
RX_0146,17.455553,461.954437,1.800000
RX_0147,382.801361,109.969589,1.800000
RX_0148,125.010086,-367.445038,1.800000
RX_0149,-43.655926,-226.014359,1.800000
RX_0150,-16.572689,110.814392,1.800000
RX_0151,157.877747,-462.765900,1.800000
RX_0152,-369.739929,424.968414,1.800000
RX_0153,235.442123,-143.736343,1.800000
RX_0154,-20.401974,122.106262,1.800000
RX_0155,-341.585999,-230.586990,1.800000
RX_0156,17.689312,-74.001961,1.800000
RX_0157,366.449524,-16.909492,1.800000
RX_0158,120.225853,-484.592712,1.800000
RX_0159,-253.515747,487.516022,1.800000
RX_0160,-235.309921,496.887543,1.800000
RX_0161,247.657043,29.998449,1.800000
RX_0162,-362.059967,393.647980,1.800000
RX_0163,275.122467,201.671158,1.800000
RX_0164,-71.052094,-231.256821,1.800000
RX_0165,-130.163086,-391.476837,1.800000
RX_0166,247.688782,-179.124176,1.800000
RX_0167,-225.467422,478.895996,1.800000
RX_0168,-128.482239,-340.328522,1.800000
RX_0169,-451.472351,-263.847534,1.800000
RX_0170,-399.153717,-69.582077,1.800000
RX_0171,311.407867,-321.495850,1.800000
RX_0172,-12.173675,236.271423,1.800000
RX_0173,144.021378,357.332764,1.800000
RX_0174,-388.404968,-239.045120,1.800000
RX_0175,-147.782349,-18.131615,1.800000
RX_0176,-7.348748,40.154949,1.800000
RX_0177,-285.708252,-62.081467,1.800000
RX_0178,243.893509,-342.805634,1.800000
RX_0179,104.408485,-300.676422,1.800000
RX_0180,279.664032,-326.466614,1.800000
RX_0181,-101.229309,-236.572510,1.800000
RX_0182,-375.049255,437.921021,1.800000
RX_0183,-219.105560,-378.026672,1.800000
RX_0184,422.943542,-214.735367,1.800000
RX_0185,-346.487061,360.249207,1.800000
RX_0186,329.581238,555.487671,1.800000
RX_0187,135.290833,-134.594742,1.800000
RX_0188,100.861778,488.060303,1.800000
RX_0189,214.781357,302.789612,1.800000
RX_0190,-245.086533,349.229919,1.800000
RX_0191,-293.484070,203.329391,1.800000
RX_0192,-309.160187,-331.933167,1.800000
RX_0193,269.201904,-442.677246,1.800000
RX_0194,-35.755352,159.462234,1.800000
RX_0195,110.368271,-305.093292,1.800000
RX_0196,388.459290,340.068512,1.800000
RX_0197,-137.229019,-229.564148,1.800000
RX_0198,182.500748,203.712433,1.800000
RX_0199,-399.632568,-248.235001,1.800000
RX_0200,148.225327,339.138275,1.800000
RX_0201,135.742584,377.342987,1.800000
RX_0202,124.388405,-377.421753,1.800000
RX_0203,-256.936310,91.789490,1.800000
RX_0204,-9.252224,-520.859619,1.800000
RX_0205,427.669617,-300.925323,1.800000
RX_0206,-268.260803,-256.431274,1.800000
RX_0207,128.650543,-114.222168,1.800000
RX_0208,-227.970947,-265.024841,1.800000
RX_0209,369.313812,337.595337,1.800000
RX_0210,30.723124,95.736710,1.800000
RX_0211,197.519241,-86.299599,1.800000
RX_0212,176.624130,-219.181458,1.800000
RX_0213,162.364166,-470.178711,1.800000
RX_0214,320.280762,524.887268,1.800000
RX_0215,-381.561951,434.189941,1.800000
RX_0216,173.583023,270.970825,1.800000
RX_0217,97.911140,-259.838898,1.800000
RX_0218,-326.840088,-501.579590,1.800000
RX_0219,-86.808640,-475.927734,1.800000
RX_0220,-20.245195,-218.434418,1.800000
RX_0221,-306.503418,-290.876648,1.800000
RX_0222,393.636475,347.599243,1.800000
RX_0223,130.412247,496.261719,1.800000
RX_0224,150.257217,-448.310272,1.800000
RX_0225,-301.620239,254.076004,1.800000
RX_0226,-60.993362,252.451279,1.800000
RX_0227,77.725334,571.474976,1.800000
RX_0228,360.366272,-406.352173,1.800000
RX_0229,-108.220093,-407.871704,1.800000
RX_0230,-289.079285,349.000854,1.800000
RX_0231,-116.713699,-15.084959,1.800000
RX_0232,-145.157074,-257.702362,1.800000
RX_0233,-121.684959,419.625854,1.800000
RX_0234,-128.118744,230.828018,1.800000
RX_0235,116.939125,487.811676,1.800000
RX_0236,-156.041046,-127.871605,1.800000
RX_0237,73.059586,167.246567,1.800000
RX_0238,249.287277,-459.383453,1.800000
RX_0239,-73.517204,270.517517,1.800000
RX_0240,-218.869110,318.428741,1.800000
RX_0241,-362.191193,-374.155609,1.800000
RX_0242,408.988556,-120.677567,1.800000
RX_0243,-415.248199,-208.100204,1.800000
RX_0244,-88.505478,-116.202293,1.800000
RX_0245,416.913452,284.086914,1.800000
RX_0246,-231.899536,-386.352936,1.800000
RX_0247,179.354477,-483.061310,1.800000
RX_0248,327.163391,-239.816238,1.800000
RX_0249,-327.229462,284.684662,1.800000
RX_0250,-350.389404,-12.042021,1.800000
RX_0251,25.476036,124.870979,1.800000
RX_0252,-264.393219,-179.881943,1.800000
RX_0253,-380.284821,180.810379,1.800000
RX_0254,101.089806,-170.975815,1.800000
RX_0255,232.119598,-72.515663,1.800000
RX_0256,-132.963089,20.718370,1.800000
RX_0257,118.035614,-351.395508,1.800000
RX_0258,-68.054337,-515.931091,1.800000
RX_0259,-302.646362,243.323364,1.800000
RX_0260,-45.318386,-72.976746,1.800000
RX_0261,87.834030,-47.117958,1.800000
RX_0262,-312.212891,-238.183502,1.800000
RX_0263,302.878571,592.853210,1.800000
RX_0264,6.696027,506.806671,1.800000
RX_0265,-349.984283,375.282959,1.800000
RX_0266,-180.063385,329.856873,1.800000
RX_0267,-372.413879,-459.126007,1.800000
RX_0268,282.964539,-297.870728,1.800000
RX_0269,60.969162,-41.554539,1.800000
RX_0270,383.895844,-142.214447,1.800000
RX_0271,0.312826,24.303589,1.800000
RX_0272,-169.690491,-270.175751,1.800000
RX_0273,84.211281,263.748749,1.800000
RX_0274,-411.396606,-226.111206,1.800000
RX_0275,75.298317,-493.420227,1.800000
RX_0276,-395.141724,446.991974,1.800000
RX_0277,400.931366,-6.790589,1.800000
RX_0278,84.442825,-168.967819,1.800000
RX_0279,-46.363731,215.893631,1.800000
RX_0280,232.163040,216.346710,1.800000
RX_0281,-466.260437,-36.490631,1.800000
RX_0282,231.127029,-208.670929,1.800000
RX_0283,-87.729279,-526.983887,1.800000
RX_0284,105.093826,-333.744049,1.800000
RX_0285,-435.536499,-257.106598,1.800000
RX_0286,146.968109,499.880402,1.800000
RX_0287,-105.890854,369.528870,1.800000
RX_0288,-91.279335,-339.335846,1.800000
RX_0289,-157.028763,-300.564575,1.800000
RX_0290,228.658646,-453.676880,1.800000
RX_0291,-402.274078,148.226013,1.800000
RX_0292,375.229462,390.599060,1.800000
RX_0293,-65.857208,-205.179657,1.800000
RX_0294,-310.253571,-87.229721,1.800000
RX_0295,350.410309,428.920319,1.800000
RX_0296,-370.546997,459.699219,1.800000
RX_0297,317.717377,-221.600220,1.800000
RX_0298,-116.348709,-389.388885,1.800000
RX_0299,-183.330048,-471.671539,1.800000
RX_0300,-243.387634,477.505219,1.800000
RX_0301,-129.964844,10.350158,1.800000
RX_0302,-314.113617,-273.877228,1.800000
RX_0303,-259.263794,-186.009537,1.800000
RX_0304,-307.167816,237.682968,1.800000
RX_0305,34.895473,122.812386,1.800000
RX_0306,23.539843,-22.866135,1.800000
RX_0307,-252.410461,-184.298920,1.800000
RX_0308,-12.860315,50.184795,1.800000
RX_0309,-98.252670,282.698608,1.800000
RX_0310,-31.252697,-221.589661,1.800000
RX_0311,-256.657043,38.963745,1.800000
RX_0312,-244.819672,-46.735104,1.800000
RX_0313,18.504002,73.925980,1.800000
RX_0314,-205.286804,-271.431702,1.800000
RX_0315,259.536926,-27.124559,1.800000
RX_0316,156.569016,192.944946,1.800000
RX_0317,-61.895611,-527.741882,1.800000
RX_0318,-34.000389,326.215668,1.800000
RX_0319,9.799066,-187.170197,1.800000
RX_0320,-124.362228,43.512524,1.800000
RX_0321,-239.082382,-130.601608,1.800000
RX_0322,-201.279343,-34.603992,1.800000
RX_0323,346.930817,-34.128716,1.800000
RX_0324,-245.823990,61.217209,1.800000
RX_0325,-300.193207,222.807617,1.800000
RX_0326,286.305359,318.301880,1.800000
RX_0327,91.240494,481.830902,1.800000
RX_0328,249.156357,-70.820839,1.800000
RX_0329,-214.518509,-230.613678,1.800000
RX_0330,162.546646,-93.673401,1.800000
RX_0331,241.036789,-73.300331,1.800000
RX_0332,-38.089874,166.164337,1.800000
RX_0333,311.801361,552.176453,1.800000
RX_0334,-237.294037,-379.141113,1.800000
RX_0335,331.190460,-28.211800,1.800000
RX_0336,-1.422664,-61.927357,1.800000
RX_0337,451.321411,-108.257042,1.800000
RX_0338,-113.617332,432.795197,1.800000
RX_0339,277.983246,-67.583000,1.800000
RX_0340,201.764862,-460.548309,1.800000
RX_0341,-368.835266,29.591904,1.800000
RX_0342,-24.418045,97.479591,1.800000
RX_0343,-407.066193,-42.138664,1.800000
RX_0344,-329.825256,-58.917381,1.800000
RX_0345,357.885590,216.925949,1.800000
RX_0346,-87.325546,337.633392,1.800000
RX_0347,132.491287,-123.429657,1.800000
RX_0348,-154.105591,92.314651,1.800000
RX_0349,412.562225,-248.616989,1.800000
RX_0350,-150.157776,-281.450104,1.800000
RX_0351,-284.814697,191.612244,1.800000
RX_0352,268.472137,-205.445618,1.800000
RX_0353,280.239136,541.355408,1.800000
RX_0354,-274.925812,-212.483948,1.800000
RX_0355,206.179642,152.239807,1.800000
RX_0356,4.360909,336.179291,1.800000
RX_0357,-337.527100,366.637115,1.800000
RX_0358,7.615637,43.645237,1.800000
RX_0359,9.153752,149.448563,1.800000
RX_0360,34.823826,-359.604980,1.800000
RX_0361,442.187744,-404.026642,1.800000
RX_0362,301.411957,-441.912598,1.800000
RX_0363,422.364410,162.646561,1.800000
RX_0364,-409.155304,-31.689114,1.800000
RX_0365,375.184235,324.524445,1.800000
RX_0366,-169.673538,328.029297,1.800000
RX_0367,216.303879,-187.960464,1.800000
RX_0368,-199.118988,323.394073,1.800000
RX_0369,-189.065369,-275.781921,1.800000
RX_0370,-260.167725,345.059479,1.800000
RX_0371,-377.808411,-463.051056,1.800000
RX_0372,401.481354,456.471771,1.800000
RX_0373,-228.594025,-394.983246,1.800000
RX_0374,-117.605629,339.033234,1.800000
RX_0375,58.579987,-497.844788,1.800000
RX_0376,-307.828033,-302.871765,1.800000
RX_0377,-119.739006,-421.440796,1.800000
RX_0378,290.101685,623.414001,1.800000
RX_0379,-1.651434,-387.551270,1.800000
RX_0380,-224.593552,-126.303375,1.800000
RX_0381,17.996931,-43.293221,1.800000
RX_0382,328.231323,512.908691,1.800000
RX_0383,5.753939,128.420609,1.800000
RX_0384,-288.466644,-235.054871,1.800000
RX_0385,-39.998051,404.168945,1.800000
RX_0386,-209.236832,-479.252838,1.800000
RX_0387,20.349857,99.831451,1.800000
RX_0388,-199.098358,-456.053925,1.800000
RX_0389,201.313644,172.147293,1.800000
RX_0390,-286.739563,61.754692,1.800000
RX_0391,31.362692,-344.349731,1.800000
RX_0392,-35.904778,-406.540100,1.800000
RX_0393,91.007385,-185.397385,1.800000
RX_0394,20.707996,-34.376526,1.800000
RX_0395,11.665764,-44.609993,1.800000
RX_0396,-455.870026,-66.752800,1.800000
RX_0397,-124.805473,455.135132,1.800000
RX_0398,386.747711,452.783813,1.800000
RX_0399,-26.216642,-403.447876,1.800000
RX_0400,357.466888,-349.159637,1.800000
RX_0401,-332.898712,290.968903,1.800000
RX_0402,-37.770878,-89.269753,1.800000
RX_0403,9.428945,500.062561,1.800000
RX_0404,8.278416,-50.714127,1.800000
RX_0405,174.542450,-94.448006,1.800000
RX_0406,425.976257,-290.816467,1.800000
RX_0407,247.151184,-218.370758,1.800000
RX_0408,-379.675781,-316.909546,1.800000
RX_0409,-184.094818,-399.635559,1.800000
RX_0410,111.435905,-315.479523,1.800000
RX_0411,163.534424,283.259186,1.800000
RX_0412,-173.776901,-137.984238,1.800000
RX_0413,402.664734,-215.069687,1.800000
RX_0414,349.486023,-40.411568,1.800000
RX_0415,-177.176514,-113.307465,1.800000
RX_0416,87.289200,-176.723740,1.800000
RX_0417,-98.971359,-452.654358,1.800000
RX_0418,129.379761,-228.509995,1.800000
RX_0419,331.246857,31.965775,1.800000
RX_0420,190.967911,-195.066772,1.800000
RX_0421,386.944794,-172.595581,1.800000
RX_0422,-26.142883,330.022125,1.800000
RX_0423,-174.976669,90.844193,1.800000
RX_0424,-464.489044,58.937565,1.800000
RX_0425,354.334259,-51.452423,1.800000
RX_0426,-183.253479,-29.075542,1.800000
RX_0427,424.320099,-113.459579,1.800000
RX_0428,-103.320465,392.114807,1.800000
RX_0429,300.751404,-144.444977,1.800000
RX_0430,-332.820282,-484.130127,1.800000
RX_0431,-426.262634,-273.195190,1.800000
RX_0432,154.518906,286.324280,1.800000
RX_0433,-364.748505,-240.169937,1.800000
RX_0434,-98.627327,359.251984,1.800000
RX_0435,-179.809082,-263.134277,1.800000
RX_0436,379.702454,-15.614635,1.800000
RX_0437,-412.002838,-473.259644,1.800000
RX_0438,-319.226318,254.748810,1.800000
RX_0439,-224.897110,-207.098679,1.800000
RX_0440,-241.126648,-11.513777,1.800000
RX_0441,311.509338,92.611931,1.800000
RX_0442,122.274643,492.072937,1.800000
RX_0443,-291.329468,-240.779602,1.800000
RX_0444,108.789078,-350.045898,1.800000
RX_0445,-129.170227,449.269531,1.800000
RX_0446,245.013336,189.265305,1.800000
RX_0447,-272.197937,-200.472565,1.800000
RX_0448,376.602997,133.802902,1.800000
RX_0449,-42.429600,-96.768402,1.800000
RX_0450,-99.135895,-117.578171,1.800000
RX_0451,51.162788,-168.974319,1.800000
RX_0452,-47.614838,223.413422,1.800000
RX_0453,216.464935,-76.040031,1.800000
RX_0454,439.657684,194.195343,1.800000
RX_0455,339.324493,513.390381,1.800000
RX_0456,423.956299,302.485474,1.800000
RX_0457,80.871590,-208.925278,1.800000
RX_0458,-344.755737,229.681305,1.800000
RX_0459,334.983429,431.391632,1.800000
RX_0460,-102.245705,-473.946533,1.800000
RX_0461,11.720716,-368.257935,1.800000
RX_0462,-224.214706,495.403809,1.800000
RX_0463,257.211182,-439.975922,1.800000
RX_0464,-6.075292,74.734299,1.800000
RX_0465,-256.286713,-194.531540,1.800000
RX_0466,-274.671112,156.949753,1.800000
RX_0467,115.071625,-62.404930,1.800000
RX_0468,360.634766,-36.314308,1.800000
RX_0469,374.224091,382.504395,1.800000
RX_0470,-82.259750,311.593414,1.800000
RX_0471,432.594177,-220.420212,1.800000
RX_0472,-244.132050,314.699585,1.800000
RX_0473,190.742889,-460.419312,1.800000
RX_0474,-357.480225,424.157379,1.800000
RX_0475,428.656433,469.447540,1.800000
RX_0476,-86.704453,-63.736336,1.800000
RX_0477,-150.283386,-231.246887,1.800000
RX_0478,-106.852928,-39.717304,1.800000
RX_0479,-46.191677,187.393921,1.800000
RX_0480,-409.111908,283.354858,1.800000
RX_0481,304.157135,-160.651474,1.800000
RX_0482,111.722023,-178.311737,1.800000
RX_0483,270.441040,227.086685,1.800000
RX_0484,241.737640,-456.698700,1.800000
RX_0485,289.812469,423.239807,1.800000
RX_0486,-363.838318,209.626999,1.800000
RX_0487,-65.837852,-212.067627,1.800000
RX_0488,-412.961243,5.040461,1.800000
RX_0489,330.594299,-255.966675,1.800000
RX_0490,-200.872101,-93.070831,1.800000
RX_0491,-138.480164,41.374603,1.800000
RX_0492,338.387665,-419.788879,1.800000
RX_0493,65.958359,-159.613388,1.800000
RX_0494,118.173775,-375.204895,1.800000
RX_0495,-330.503113,354.615814,1.800000
RX_0496,312.875244,561.106079,1.800000
RX_0497,-132.943497,30.308523,1.800000
RX_0498,268.266479,-42.806915,1.800000
RX_0499,208.169724,-188.708389,1.800000
RX_0500,134.207474,-430.952515,1.800000
RX_0501,289.645172,-116.604774,1.800000
RX_0502,-143.890930,489.095337,1.800000
RX_0503,35.687641,-398.528473,1.800000
RX_0504,164.074265,507.815552,1.800000
RX_0505,44.739510,-41.804878,1.800000
RX_0506,310.526215,237.919800,1.800000
RX_0507,6.334691,-57.985832,1.800000
RX_0508,-87.972557,-211.164474,1.800000
RX_0509,204.839203,-146.117462,1.800000
RX_0510,-382.485901,-300.559479,1.800000
RX_0511,-321.231995,-8.154142,1.800000
RX_0512,201.006531,-349.992889,1.800000
RX_0513,408.380768,111.901672,1.800000
RX_0514,-115.870499,-220.686737,1.800000
RX_0515,450.436279,282.939819,1.800000
RX_0516,120.397736,376.240997,1.800000
RX_0517,-286.273407,150.332657,1.800000
RX_0518,155.120590,-369.542145,1.800000
RX_0519,-418.446381,436.665894,1.800000
RX_0520,358.508484,-373.421967,1.800000
RX_0521,-12.358431,-218.158844,1.800000
RX_0522,-301.670074,365.498840,1.800000
RX_0523,339.451355,3.124710,1.800000
RX_0524,84.129181,365.474060,1.800000
RX_0525,-286.286133,-283.506226,1.800000
RX_0526,-109.211899,-400.135223,1.800000
RX_0527,56.194069,160.145294,1.800000
RX_0528,-421.003296,-173.790359,1.800000
RX_0529,-333.246307,225.960083,1.800000
RX_0530,-121.884262,-407.075226,1.800000
RX_0531,448.049622,469.020416,1.800000
RX_0532,-407.218628,141.510223,1.800000
RX_0533,389.462280,91.675804,1.800000
RX_0534,-312.823669,-379.235596,1.800000
RX_0535,-45.793762,417.092133,1.800000
RX_0536,-240.619461,73.279144,1.800000
RX_0537,430.160858,-392.687317,1.800000
RX_0538,353.514130,-413.484985,1.800000
RX_0539,-368.724487,11.497365,1.800000
RX_0540,-401.011658,-19.224886,1.800000
RX_0541,383.073486,-152.540421,1.800000
RX_0542,256.153015,-227.015121,1.800000
RX_0543,-316.884644,-514.499207,1.800000
RX_0544,-222.236465,-214.882111,1.800000
RX_0545,-196.351944,-111.368042,1.800000
RX_0546,-342.032654,323.688324,1.800000
RX_0547,3.708584,12.637999,1.800000
RX_0548,-55.448563,-229.544327,1.800000
RX_0549,38.649387,346.092468,1.800000
RX_0550,-467.200897,-290.912628,1.800000
RX_0551,452.511139,-229.805710,1.800000
RX_0552,-261.065643,-493.055328,1.800000
RX_0553,-109.580269,-15.884359,1.800000
RX_0554,156.342010,320.526886,1.800000
RX_0555,97.085968,-270.122192,1.800000
RX_0556,-256.047607,46.402191,1.800000
RX_0557,-79.757843,215.265762,1.800000
RX_0558,173.954117,254.015030,1.800000
RX_0559,369.162323,446.539246,1.800000
RX_0560,46.858826,156.707993,1.800000
RX_0561,-171.631821,96.557434,1.800000
RX_0562,417.963318,296.861877,1.800000
RX_0563,-110.376617,-416.707123,1.800000
RX_0564,250.509491,-191.721252,1.800000
RX_0565,-109.891968,334.390045,1.800000
RX_0566,-12.258780,-87.901024,1.800000
RX_0567,296.920593,235.853729,1.800000
RX_0568,43.132278,-225.982132,1.800000
RX_0569,-444.400208,326.345398,1.800000
RX_0570,-334.193115,-232.812866,1.800000
RX_0571,-154.982544,322.598724,1.800000
RX_0572,-224.803726,-25.783548,1.800000
RX_0573,322.409180,-313.388428,1.800000
RX_0574,-245.986542,53.381516,1.800000
RX_0575,194.715836,192.270111,1.800000
RX_0576,-63.510803,235.010757,1.800000
RX_0577,-334.648163,342.172394,1.800000
RX_0578,8.340867,-512.635071,1.800000
RX_0579,-3.897901,34.930206,1.800000
RX_0580,-309.175018,-357.568695,1.800000
RX_0581,306.432404,577.016968,1.800000
RX_0582,-198.408539,-369.378967,1.800000
RX_0583,-377.639465,463.765869,1.800000
RX_0584,182.196182,387.542236,1.800000
RX_0585,-362.056030,-254.926575,1.800000
RX_0586,-289.641022,481.430176,1.800000
RX_0587,-133.012711,-335.725433,1.800000
RX_0588,6.420462,-372.100098,1.800000
RX_0589,51.423637,-195.789383,1.800000
RX_0590,-107.721672,-115.596725,1.800000
RX_0591,105.465736,482.562500,1.800000
RX_0592,-324.476410,25.109688,1.800000
RX_0593,461.716370,309.749756,1.800000
RX_0594,347.128693,262.835480,1.800000
RX_0595,-302.059479,29.756220,1.800000
RX_0596,160.672470,-220.941162,1.800000
RX_0597,23.978802,-232.379990,1.800000
RX_0598,-225.764755,315.350250,1.800000
RX_0599,-130.105072,-123.616035,1.800000
RX_0600,-65.068718,319.361176,1.800000
RX_0601,53.201439,66.925201,1.800000
RX_0602,121.154556,423.722290,1.800000
RX_0603,-210.868088,-53.282337,1.800000
RX_0604,-349.908264,-420.057556,1.800000
RX_0605,186.990540,-66.267670,1.800000
RX_0606,153.681641,385.253815,1.800000
RX_0607,-271.859131,105.597031,1.800000
RX_0608,-268.723389,351.428375,1.800000
RX_0609,-276.314789,-231.188095,1.800000
RX_0610,136.014725,-141.513855,1.800000
RX_0611,-52.365929,440.463348,1.800000
RX_0612,-89.900826,322.597961,1.800000
RX_0613,357.901733,-21.036699,1.800000
RX_0614,52.121494,-175.046387,1.800000
RX_0615,319.169495,332.569641,1.800000
RX_0616,-269.998779,372.841156,1.800000
RX_0617,-74.005760,258.858521,1.800000
RX_0618,303.005280,643.134460,1.800000
RX_0619,103.863358,499.926514,1.800000
RX_0620,-335.219604,317.155518,1.800000
RX_0621,200.837250,293.656097,1.800000
RX_0622,336.243469,-286.585968,1.800000
RX_0623,-366.146179,415.137451,1.800000
RX_0624,-317.353302,296.740692,1.800000
RX_0625,334.993958,15.363434,1.800000
RX_0626,-98.536980,-85.718231,1.800000
RX_0627,362.639954,339.176483,1.800000
RX_0628,-389.975769,-407.895111,1.800000
RX_0629,281.965759,-93.570404,1.800000
RX_0630,-41.976639,-426.271698,1.800000
RX_0631,145.769501,-368.409363,1.800000
RX_0632,-135.712646,-100.981178,1.800000
RX_0633,86.266243,-230.140350,1.800000
RX_0634,119.667580,-395.463745,1.800000
RX_0635,-257.892517,-170.406479,1.800000
RX_0636,-428.623627,-162.899384,1.800000
RX_0637,-234.198059,3.671326,1.800000
RX_0638,-303.604187,-582.127808,1.800000
RX_0639,-123.250969,-248.279709,1.800000
RX_0640,-212.823883,-240.021332,1.800000
RX_0641,-158.297424,-309.205017,1.800000
RX_0642,390.848083,-11.831557,1.800000
RX_0643,339.128632,-315.094025,1.800000
RX_0644,309.615540,109.114120,1.800000
RX_0645,289.090790,-436.428864,1.800000
RX_0646,-280.606964,127.346573,1.800000
RX_0647,-341.702881,379.200562,1.800000
RX_0648,-206.108246,390.299286,1.800000
RX_0649,478.689728,479.015808,1.800000
RX_0650,138.112518,-404.686218,1.800000
RX_0651,-312.168823,12.298773,1.800000
RX_0652,350.342407,-330.901154,1.800000
RX_0653,329.274506,505.396423,1.800000
RX_0654,-444.566284,-100.909279,1.800000
RX_0655,-268.319489,81.192383,1.800000
RX_0656,233.887405,-127.463219,1.800000
RX_0657,145.127228,367.656464,1.800000
RX_0658,-95.460579,270.365967,1.800000
RX_0659,-316.258972,-223.896332,1.800000
RX_0660,380.517639,333.016052,1.800000
RX_0661,132.555206,-422.233093,1.800000
RX_0662,383.577606,125.714851,1.800000
RX_0663,-144.362656,-267.612762,1.800000
RX_0664,93.507797,-237.396042,1.800000
RX_0665,351.782837,227.241211,1.800000
RX_0666,417.825256,-274.064850,1.800000
RX_0667,411.817688,28.574364,1.800000
RX_0668,-245.171890,-143.026016,1.800000
RX_0669,305.917664,329.075409,1.800000
RX_0670,234.254852,403.528046,1.800000
RX_0671,-127.307266,416.925323,1.800000
RX_0672,-23.659542,84.946121,1.800000
RX_0673,-125.820847,439.055847,1.800000
RX_0674,201.166718,-214.806992,1.800000
RX_0675,233.266205,-53.248051,1.800000
RX_0676,-73.532066,123.309273,1.800000
RX_0677,-106.848679,-233.900665,1.800000
RX_0678,182.351837,224.086365,1.800000
RX_0679,362.604156,-367.953796,1.800000
RX_0680,181.887741,-360.704071,1.800000
RX_0681,244.942841,-209.318069,1.800000
RX_0682,-282.172516,167.064148,1.800000
RX_0683,8.602052,31.159208,1.800000
RX_0684,-306.282288,-1.818347,1.800000
RX_0685,33.466240,467.817688,1.800000
RX_0686,50.696102,-401.016388,1.800000
RX_0687,152.364075,-253.859528,1.800000
RX_0688,-202.978668,82.606339,1.800000
RX_0689,-57.198128,242.549316,1.800000
RX_0690,-208.584457,-411.876801,1.800000
RX_0691,-183.868881,-252.916199,1.800000
RX_0692,69.577133,-229.192673,1.800000
RX_0693,-121.208191,207.882919,1.800000
RX_0694,368.890656,405.316803,1.800000
RX_0695,-375.958252,-343.457672,1.800000
RX_0696,411.882263,-225.586746,1.800000
RX_0697,264.443878,412.821259,1.800000
RX_0698,143.328125,-435.723480,1.800000
RX_0699,414.763977,1.352387,1.800000
RX_0700,-401.756683,443.264832,1.800000
RX_0701,95.954430,-51.229881,1.800000
RX_0702,-104.031822,199.756363,1.800000
RX_0703,231.335907,-116.354721,1.800000
RX_0704,-368.789246,-235.726929,1.800000
RX_0705,-382.550934,190.067459,1.800000
RX_0706,-115.571632,449.900269,1.800000
RX_0707,-259.601776,-291.380280,1.800000
RX_0708,-232.934982,388.491852,1.800000
RX_0709,-226.664612,-246.995209,1.800000
RX_0710,-88.935860,284.830597,1.800000
RX_0711,-343.618317,445.114471,1.800000
RX_0712,375.604126,-116.357956,1.800000
RX_0713,-264.625824,-168.091583,1.800000
RX_0714,9.750798,16.205149,1.800000
RX_0715,-295.846924,-63.688976,1.800000
RX_0716,-389.449066,-463.311615,1.800000
RX_0717,6.678901,-219.765228,1.800000
RX_0718,44.176727,-75.534126,1.800000
RX_0719,378.734985,353.422607,1.800000
RX_0720,-216.586273,-37.510715,1.800000
RX_0721,359.542175,415.187592,1.800000
RX_0722,77.161804,133.052567,1.800000
RX_0723,172.924561,-70.488846,1.800000
RX_0724,-195.629822,-256.115814,1.800000
RX_0725,-319.051788,47.820618,1.800000
RX_0726,-93.407898,261.983124,1.800000
RX_0727,-318.634979,243.501007,1.800000
RX_0728,-133.237350,224.408340,1.800000
RX_0729,97.921684,269.940460,1.800000
RX_0730,-36.603409,-269.854767,1.800000
RX_0731,52.708794,-505.070068,1.800000
RX_0732,62.260868,164.005325,1.800000
RX_0733,334.709351,248.149460,1.800000
RX_0734,-233.638916,-221.136810,1.800000
RX_0735,2.705666,-394.962250,1.800000
RX_0736,-424.182037,439.147644,1.800000
RX_0737,-148.312256,503.707458,1.800000
RX_0738,81.819466,-387.857330,1.800000
RX_0739,-13.229006,-195.244766,1.800000
RX_0740,-36.787708,137.243530,1.800000
RX_0741,93.868279,515.444458,1.800000
RX_0742,277.950104,-86.725861,1.800000
RX_0743,-211.112213,-253.058029,1.800000
RX_0744,105.258217,138.469223,1.800000
RX_0745,286.735535,233.800720,1.800000
RX_0746,335.411316,485.139709,1.800000
RX_0747,-219.233566,-86.270897,1.800000
RX_0748,236.253738,51.623196,1.800000
RX_0749,386.809814,355.271942,1.800000
RX_0750,-275.350433,-282.679901,1.800000
RX_0751,-35.658554,-419.431824,1.800000
RX_0752,385.322052,-6.468266,1.800000
RX_0753,-193.380600,502.446899,1.800000
RX_0754,-126.453171,475.938385,1.800000
RX_0755,222.071930,-40.806187,1.800000
RX_0756,-214.457169,-395.087585,1.800000
RX_0757,-306.207336,-262.869720,1.800000
RX_0758,-218.442505,-122.796097,1.800000
RX_0759,-271.011230,21.869846,1.800000
RX_0760,-25.151081,-310.804871,1.800000
RX_0761,436.292480,166.844147,1.800000
RX_0762,364.763580,-84.224892,1.800000
RX_0763,210.215683,140.908920,1.800000
RX_0764,-99.890877,-64.908524,1.800000
RX_0765,479.396271,-246.711746,1.800000
RX_0766,379.757874,140.489365,1.800000
RX_0767,15.918587,-182.328979,1.800000
RX_0768,180.083054,175.196304,1.800000
RX_0769,-59.494205,221.980331,1.800000
RX_0770,69.258759,357.946167,1.800000
RX_0771,-289.957153,-250.211090,1.800000
RX_0772,246.448395,-203.122253,1.800000
RX_0773,-88.566200,-535.058411,1.800000
RX_0774,-101.197693,348.127655,1.800000
RX_0775,50.056782,351.859802,1.800000
RX_0776,132.147476,-379.510376,1.800000
RX_0777,-210.820129,-277.124115,1.800000
RX_0778,-87.972466,-35.588604,1.800000
RX_0779,-253.278290,86.065689,1.800000
RX_0780,-333.412476,-387.096100,1.800000
RX_0781,142.534378,-79.823685,1.800000
RX_0782,-301.580200,-574.094177,1.800000
RX_0783,-140.604538,-459.199158,1.800000
RX_0784,-347.373108,223.094666,1.800000
RX_0785,-19.654665,-421.242371,1.800000
RX_0786,-120.683769,-430.342041,1.800000
RX_0787,115.986572,-386.362183,1.800000
RX_0788,-483.715027,-295.206207,1.800000
RX_0789,-314.068695,227.234573,1.800000
RX_0790,-265.434937,488.569916,1.800000
RX_0791,272.330627,-53.110695,1.800000
RX_0792,-301.754578,-506.208191,1.800000
RX_0793,-405.469971,-243.033493,1.800000
RX_0794,41.761608,47.606766,1.800000
RX_0795,141.255630,248.901337,1.800000
RX_0796,11.890482,37.619621,1.800000
RX_0797,39.004150,-202.161758,1.800000
RX_0798,-86.349709,235.818298,1.800000
RX_0799,-411.680084,132.839706,1.800000
RX_0800,-29.716467,229.982681,1.800000
RX_0801,391.276428,-27.127331,1.800000
RX_0802,101.133430,505.949280,1.800000
RX_0803,149.128128,379.029419,1.800000
RX_0804,299.883453,607.962402,1.800000
RX_0805,170.217667,281.472290,1.800000
RX_0806,353.399323,461.239563,1.800000
RX_0807,75.343582,-52.991257,1.800000
RX_0808,117.779800,-148.331589,1.800000
RX_0809,-67.774048,-76.188980,1.800000
RX_0810,-124.652802,312.270386,1.800000
RX_0811,-252.540115,67.517433,1.800000
RX_0812,125.129532,144.128265,1.800000
RX_0813,361.405792,384.554688,1.800000
RX_0814,29.777142,-77.870056,1.800000
RX_0815,457.852753,285.885895,1.800000
RX_0816,-295.128693,180.458008,1.800000
RX_0817,306.328308,-52.551048,1.800000
RX_0818,-236.628448,-227.727844,1.800000
RX_0819,-238.244904,325.240326,1.800000
RX_0820,-239.998749,-261.135986,1.800000
RX_0821,-294.276733,476.566437,1.800000
RX_0822,-488.869690,-273.903656,1.800000
RX_0823,-154.642258,336.094788,1.800000
RX_0824,-79.489067,323.966858,1.800000
RX_0825,-164.929810,502.558655,1.800000
RX_0826,301.544556,-153.712418,1.800000
RX_0827,-78.215736,435.847961,1.800000
RX_0828,-88.548790,355.868103,1.800000
RX_0829,-316.684509,-254.795654,1.800000
RX_0830,-13.364697,502.134644,1.800000
RX_0831,-386.491119,260.615936,1.800000
RX_0832,98.095734,-279.021088,1.800000
RX_0833,-250.793274,-140.732117,1.800000
RX_0834,110.568398,370.010834,1.800000
RX_0835,-120.750793,433.052979,1.800000
RX_0836,-339.167206,332.141022,1.800000
RX_0837,167.738113,-363.533112,1.800000
RX_0838,-207.835449,485.223602,1.800000
RX_0839,-286.812775,-118.484230,1.800000
RX_0840,-197.288010,-151.160355,1.800000
RX_0841,154.036194,334.168701,1.800000
RX_0842,14.904513,-351.456268,1.800000
RX_0843,-478.173828,-267.876556,1.800000
RX_0844,-156.692963,99.174850,1.800000
RX_0845,76.629768,-341.021118,1.800000
RX_0846,-197.219406,-201.440552,1.800000
RX_0847,157.286209,156.052765,1.800000
RX_0848,95.508240,-313.180115,1.800000
RX_0849,278.742920,-288.024109,1.800000
RX_0850,377.367126,-407.579254,1.800000
RX_0851,399.296234,153.450562,1.800000
RX_0852,67.289902,-347.657837,1.800000
RX_0853,354.060120,474.277771,1.800000
RX_0854,284.415619,180.491364,1.800000
RX_0855,92.001663,523.689636,1.800000
RX_0856,403.516541,357.239838,1.800000
RX_0857,324.532410,56.151432,1.800000
RX_0858,-111.234879,-444.661469,1.800000
RX_0859,-363.934113,218.544662,1.800000
RX_0860,-238.569641,-233.630951,1.800000
RX_0861,340.529572,-211.728531,1.800000
RX_0862,-159.822571,326.226166,1.800000
RX_0863,214.105652,-350.013855,1.800000
RX_0864,125.153549,183.215912,1.800000
RX_0865,124.659210,-409.134277,1.800000
RX_0866,-323.414825,262.522919,1.800000
RX_0867,-402.109924,-267.918762,1.800000
RX_0868,-107.443939,349.399750,1.800000
RX_0869,-29.394484,-297.942444,1.800000
RX_0870,0.894060,-410.800018,1.800000
RX_0871,-343.143311,37.793194,1.800000
RX_0872,425.708771,234.250778,1.800000
RX_0873,-149.851181,-318.730408,1.800000
RX_0874,-206.723022,-90.049828,1.800000
RX_0875,116.104408,-121.521973,1.800000
RX_0876,390.046570,85.013680,1.800000
RX_0877,-379.934692,-263.630035,1.800000
RX_0878,-252.358307,377.412872,1.800000
RX_0879,310.417358,100.390381,1.800000
RX_0880,118.687233,-329.952881,1.800000
RX_0881,-330.511017,329.726685,1.800000
RX_0882,-375.461365,-376.500488,1.800000
RX_0883,387.998566,147.770630,1.800000
RX_0884,370.542572,309.755859,1.800000
RX_0885,-374.867615,28.601318,1.800000
RX_0886,102.103569,-485.025604,1.800000
RX_0887,373.085815,-122.343742,1.800000
RX_0888,486.762177,480.595734,1.800000
RX_0889,-247.973526,359.511749,1.800000
RX_0890,-81.269615,-485.395142,1.800000
RX_0891,106.465256,492.983643,1.800000
RX_0892,-258.516205,64.137077,1.800000
RX_0893,-117.884949,-437.109711,1.800000
RX_0894,337.413605,491.165436,1.800000
RX_0895,169.724136,160.585907,1.800000
RX_0896,71.043053,-236.480408,1.800000
RX_0897,-231.763596,-145.575150,1.800000
RX_0898,366.511749,-205.573975,1.800000
RX_0899,-204.393478,-217.700043,1.800000
RX_0900,346.244019,-308.572052,1.800000
RX_0901,414.472565,-406.838287,1.800000
RX_0902,410.449341,-5.356825,1.800000
RX_0903,-29.986664,-86.149269,1.800000
RX_0904,-213.860031,-147.000717,1.800000
RX_0905,-30.318663,366.307709,1.800000
RX_0906,-324.056976,331.293549,1.800000
RX_0907,-233.748428,-24.810694,1.800000
RX_0908,-147.942673,-330.062927,1.800000
RX_0909,-24.885244,-92.082687,1.800000
RX_0910,-265.703033,-186.758759,1.800000
RX_0911,59.251411,-398.328766,1.800000
RX_0912,-316.677155,-307.397522,1.800000
RX_0913,217.231689,-63.846539,1.800000
RX_0914,-313.008606,-346.586243,1.800000
RX_0915,359.517548,205.236389,1.800000
RX_0916,-391.270416,-280.778687,1.800000
RX_0917,24.040964,-13.003757,1.800000
RX_0918,-74.946098,-80.637901,1.800000
RX_0919,-106.891724,-451.232178,1.800000
RX_0920,-344.633850,396.460754,1.800000
RX_0921,-332.819458,304.385590,1.800000
RX_0922,-230.762543,-131.541504,1.800000
RX_0923,-131.383911,497.813354,1.800000
RX_0924,-95.258858,225.111069,1.800000
RX_0925,183.160385,241.265976,1.800000
RX_0926,327.289032,-250.332870,1.800000
RX_0927,344.956024,434.969208,1.800000
RX_0928,-131.830811,487.340363,1.800000
RX_0929,37.100910,-228.715195,1.800000
RX_0930,254.630646,224.574158,1.800000
RX_0931,261.472473,538.343506,1.800000
RX_0932,138.945847,-461.140228,1.800000
RX_0933,-271.129181,486.678711,1.800000
RX_0934,-276.021149,-3.901828,1.800000
RX_0935,-103.006508,401.619202,1.800000
RX_0936,47.374813,84.995415,1.800000
RX_0937,-68.038643,-526.752075,1.800000
RX_0938,-120.469307,-120.277061,1.800000
RX_0939,77.879265,-170.072571,1.800000
RX_0940,-206.713577,-405.729492,1.800000
RX_0941,-159.601273,-282.425812,1.800000
RX_0942,310.173981,616.030334,1.800000
RX_0943,-366.956421,433.798981,1.800000
RX_0944,368.461609,421.613037,1.800000
RX_0945,-378.116608,-331.213379,1.800000
RX_0946,14.307255,5.733849,1.800000
RX_0947,-247.445877,-199.958221,1.800000
RX_0948,1.210722,143.433105,1.800000
RX_0949,217.042587,-23.270082,1.800000
RX_0950,11.908558,-411.442749,1.800000
RX_0951,-42.632389,192.923584,1.800000
RX_0952,120.330627,-341.984680,1.800000
RX_0953,302.518097,599.477539,1.800000
RX_0954,174.524109,291.497498,1.800000
RX_0955,6.845008,-83.587471,1.800000
RX_0956,318.575958,79.282288,1.800000
RX_0957,47.219196,-52.539368,1.800000
RX_0958,-278.000854,349.874268,1.800000
RX_0959,-192.181152,-210.272949,1.800000
RX_0960,-93.058380,-496.426971,1.800000
RX_0961,396.703308,65.408020,1.800000
RX_0962,-419.379486,426.659607,1.800000
RX_0963,350.083221,487.279541,1.800000
RX_0964,37.334564,-504.652832,1.800000
RX_0965,-266.610199,126.344635,1.800000
RX_0966,-9.592070,-360.728760,1.800000
RX_0967,71.082634,-202.513062,1.800000
RX_0968,-311.065033,-339.711639,1.800000
RX_0969,-104.774254,-348.015472,1.800000
RX_0970,432.730133,210.914963,1.800000
RX_0971,-412.903534,-248.151642,1.800000
RX_0972,-302.261475,459.568878,1.800000
RX_0973,407.834351,157.051956,1.800000
RX_0974,405.137207,-19.691586,1.800000
RX_0975,354.931519,-425.480103,1.800000
RX_0976,-73.742928,-501.162354,1.800000
RX_0977,150.105042,-465.035034,1.800000
RX_0978,379.095612,-130.362610,1.800000
RX_0979,-74.982643,314.992859,1.800000
RX_0980,-144.382767,-337.896881,1.800000
RX_0981,-116.460236,411.213959,1.800000
RX_0982,-211.518600,-139.812424,1.800000
RX_0983,-42.734898,148.904999,1.800000
RX_0984,-395.696289,25.110010,1.800000
RX_0985,-234.990555,12.725106,1.800000
RX_0986,167.743225,390.289124,1.800000
RX_0987,368.297943,-93.404839,1.800000
RX_0988,-83.905075,123.393082,1.800000
RX_0989,301.245819,-323.470642,1.800000
RX_0990,-324.078705,453.733795,1.800000
RX_0991,217.357635,521.035706,1.800000
RX_0992,-415.276917,-65.151802,1.800000
RX_0993,161.555466,197.303299,1.800000
RX_0994,-344.265594,337.442810,1.800000
RX_0995,-117.148621,245.534027,1.800000
RX_0996,367.937622,303.161560,1.800000
RX_0997,-212.309174,-118.572868,1.800000
RX_0998,399.413452,-416.884888,1.800000
RX_0999,-39.572788,-204.182465,1.800000
RX_1000,14.924567,132.327469,1.800000
RX_1001,-95.261894,373.687225,1.800000
RX_1002,431.785187,221.192505,1.800000
RX_1003,82.520248,-257.773041,1.800000
RX_1004,308.400055,583.116455,1.800000
RX_1005,-109.366104,310.594055,1.800000
RX_1006,72.353531,475.174286,1.800000
RX_1007,218.467834,401.950287,1.800000
RX_1008,-308.355103,-371.507568,1.800000
RX_1009,-67.689476,-434.150879,1.800000
RX_1010,125.288116,-81.716751,1.800000
RX_1011,219.154510,-33.723564,1.800000
RX_1012,-300.641144,-222.670044,1.800000
RX_1013,338.415955,436.943329,1.800000
RX_1014,-444.189636,409.934296,1.800000
RX_1015,-74.612419,35.720524,1.800000
RX_1016,-7.957158,-59.714520,1.800000
RX_1017,-349.657013,-451.248230,1.800000
RX_1018,192.600891,-353.158325,1.800000
RX_1019,-364.894501,230.292938,1.800000
RX_1020,46.606422,249.397018,1.800000
RX_1021,-343.885498,18.921249,1.800000
RX_1022,-241.884964,339.383484,1.800000
RX_1023,136.411682,-473.958740,1.800000
RX_1024,322.042542,-216.892838,1.800000
RX_1025,-299.719116,-303.356750,1.800000
RX_1026,349.321594,-316.328644,1.800000
RX_1027,139.267288,149.489258,1.800000
RX_1028,328.446198,-41.744240,1.800000
RX_1029,141.650345,-481.438568,1.800000
RX_1030,-470.748657,-21.077217,1.800000
RX_1031,-45.944622,178.559525,1.800000
RX_1032,170.980316,504.061768,1.800000
RX_1033,306.313782,-423.782928,1.800000
RX_1034,-98.009842,427.994995,1.800000
RX_1035,234.007507,-462.822998,1.800000
RX_1036,-358.866882,14.236719,1.800000
RX_1037,-254.932846,-241.525650,1.800000
RX_1038,-154.118744,507.428528,1.800000
RX_1039,289.300568,-40.688393,1.800000
RX_1040,237.016678,529.644043,1.800000
RX_1041,307.095795,423.826508,1.800000
RX_1042,105.447121,-101.556259,1.800000
RX_1043,-0.819357,236.376602,1.800000
RX_1044,-168.814102,-467.941437,1.800000
RX_1045,284.338531,190.109009,1.800000
RX_1046,34.180157,44.808933,1.800000
RX_1047,-91.003304,-346.854309,1.800000
RX_1048,-109.885918,212.231567,1.800000
RX_1049,47.563000,-66.564919,1.800000
RX_1050,-52.558765,198.316177,1.800000
RX_1051,-450.379730,406.763611,1.800000
RX_1052,-333.671661,-477.558472,1.800000
RX_1053,-409.370605,438.845886,1.800000
RX_1054,-418.551727,-188.334946,1.800000
RX_1055,-308.626740,-76.058205,1.800000
RX_1056,-23.938093,375.451874,1.800000
RX_1057,-238.959808,-218.098373,1.800000
RX_1058,430.957703,-318.690765,1.800000
RX_1059,-321.649353,314.988495,1.800000
RX_1060,135.572083,162.428986,1.800000
RX_1061,13.105263,116.666290,1.800000
RX_1062,98.626335,-382.457275,1.800000
RX_1063,34.024788,246.620728,1.800000
RX_1064,45.547058,-357.943787,1.800000
RX_1065,197.191956,-191.545914,1.800000
RX_1066,-335.732391,465.562042,1.800000
RX_1067,406.055450,-411.199829,1.800000
RX_1068,139.801376,-113.508308,1.800000
RX_1069,425.802063,-405.251404,1.800000
RX_1070,225.473572,208.563797,1.800000
RX_1071,359.373993,-63.585445,1.800000
RX_1072,-160.273697,-109.813889,1.800000
RX_1073,319.362732,542.935486,1.800000
RX_1074,-290.508759,-107.501312,1.800000
RX_1075,306.092072,636.791748,1.800000
RX_1076,49.114094,467.671051,1.800000
RX_1077,-73.255295,-109.634819,1.800000
RX_1078,-418.754517,126.420341,1.800000
RX_1079,-454.458679,413.069855,1.800000
RX_1080,355.529022,450.784698,1.800000
RX_1081,-29.663395,-408.541321,1.800000
RX_1082,405.156830,-397.652222,1.800000
RX_1083,-43.730438,169.479706,1.800000
RX_1084,-148.884918,100.715614,1.800000
RX_1085,-298.543060,-257.813690,1.800000
RX_1086,474.516510,-240.794617,1.800000
RX_1087,-175.335480,-241.761520,1.800000
RX_1088,100.438515,-70.665161,1.800000
RX_1089,365.322876,-386.441711,1.800000
RX_1090,-268.338928,-268.402557,1.800000
RX_1091,-284.432953,-229.389938,1.800000
RX_1092,-274.440247,-264.551361,1.800000
RX_1093,431.921570,121.830933,1.800000
RX_1094,-373.737000,447.237152,1.800000
RX_1095,-130.615662,105.392303,1.800000
RX_1096,-371.154175,-19.867990,1.800000
RX_1097,-323.762604,-58.172970,1.800000
RX_1098,-326.667908,-229.657684,1.800000
RX_1099,-338.280457,309.465027,1.800000
RX_1100,-280.732056,142.851151,1.800000
RX_1101,-308.007172,212.217316,1.800000
RX_1102,253.741135,313.632477,1.800000
RX_1103,381.030853,363.896759,1.800000
RX_1104,-286.010620,179.681564,1.800000
RX_1105,-325.559875,-509.985291,1.800000
RX_1106,-87.427414,-81.426666,1.800000
RX_1107,-406.045990,-51.225452,1.800000
RX_1108,-237.228516,331.867340,1.800000
RX_1109,441.714722,-354.627014,1.800000
RX_1110,-265.428772,-30.292372,1.800000
RX_1111,-291.774353,218.241638,1.800000
RX_1112,431.531921,-309.636536,1.800000
RX_1113,-340.755890,-448.055756,1.800000
RX_1114,336.886932,477.648468,1.800000
RX_1115,-275.281189,-222.352020,1.800000
RX_1116,-209.574646,497.889282,1.800000
RX_1117,275.155212,319.371033,1.800000
RX_1118,144.200653,-492.173157,1.800000
RX_1119,130.899979,147.305222,1.800000
RX_1120,-368.732574,-363.617279,1.800000
RX_1121,11.867880,-77.049393,1.800000
RX_1122,-173.682983,-365.640259,1.800000
RX_1123,-133.757828,71.816109,1.800000
RX_1124,241.997757,-55.809128,1.800000
RX_1125,146.631409,-230.508987,1.800000
RX_1126,458.162415,-237.669785,1.800000
RX_1127,377.048309,-26.671797,1.800000
RX_1128,158.141037,-493.833466,1.800000
RX_1129,-297.456848,191.016769,1.800000
RX_1130,369.182068,161.485901,1.800000
RX_1131,-323.669342,-242.061050,1.800000
RX_1132,-201.997543,-478.630249,1.800000
RX_1133,15.857702,12.875240,1.800000
RX_1134,385.859070,-126.428169,1.800000
RX_1135,-39.033588,143.431366,1.800000
RX_1136,388.442169,293.978180,1.800000
RX_1137,370.993439,318.439026,1.800000
RX_1138,250.700607,-52.947102,1.800000
RX_1139,359.712769,432.818481,1.800000
RX_1140,-113.682686,-24.318666,1.800000
RX_1141,-215.457413,-49.345730,1.800000
RX_1142,-380.282593,-241.356567,1.800000
RX_1143,437.289307,-327.606781,1.800000
RX_1144,-283.385803,479.363953,1.800000
RX_1145,-83.286392,-361.542389,1.800000
RX_1146,-358.311554,388.285583,1.800000
RX_1147,-161.435638,-133.133621,1.800000
RX_1148,143.928207,-470.561310,1.800000
RX_1149,41.416260,-174.005280,1.800000
RX_1150,80.150696,-216.485046,1.800000
RX_1151,-191.275085,495.032806,1.800000
RX_1152,-234.323563,-42.208591,1.800000
RX_1153,-173.522980,-265.088562,1.800000
RX_1154,293.971008,547.002869,1.800000
RX_1155,101.824242,-318.142395,1.800000
RX_1156,77.594940,-196.211960,1.800000
RX_1157,20.209103,-0.743136,1.800000
RX_1158,143.004074,139.979721,1.800000
RX_1159,354.037018,-341.915955,1.800000
RX_1160,-253.937378,329.796722,1.800000
RX_1161,-310.548462,266.125458,1.800000
RX_1162,68.696838,-393.977631,1.800000
RX_1163,-290.478516,367.555664,1.800000
RX_1164,437.433167,282.776459,1.800000
RX_1165,-146.285461,64.643799,1.800000
RX_1166,306.640076,-436.437469,1.800000
RX_1167,215.565765,-451.716949,1.800000
RX_1168,-136.547806,470.672607,1.800000
RX_1169,67.208046,-43.279911,1.800000
RX_1170,-32.718582,153.502579,1.800000
RX_1171,-115.881012,-92.759232,1.800000
RX_1172,162.443268,-76.886200,1.800000
RX_1173,288.685760,-108.533035,1.800000
RX_1174,-37.531696,-526.434143,1.800000
RX_1175,422.943817,284.243408,1.800000
RX_1176,148.323654,-98.648445,1.800000
RX_1177,-109.765068,376.469788,1.800000
RX_1178,-227.793411,-198.986115,1.800000
RX_1179,31.937130,155.591324,1.800000
RX_1180,23.889109,65.136131,1.800000
RX_1181,-95.041466,-443.529907,1.800000
RX_1182,81.281189,556.995056,1.800000
RX_1183,360.052032,286.088379,1.800000
RX_1184,110.574982,-359.543610,1.800000
RX_1185,98.427101,519.905945,1.800000
RX_1186,-25.174139,104.508392,1.800000
RX_1187,-94.176949,210.517700,1.800000
RX_1188,287.301086,637.936096,1.800000
RX_1189,415.753906,20.261021,1.800000
RX_1190,-443.390991,-255.860611,1.800000
RX_1191,170.820480,-481.764557,1.800000
RX_1192,-347.710785,382.462158,1.800000
RX_1193,122.321358,-361.113251,1.800000
RX_1194,140.619919,-453.466370,1.800000
RX_1195,126.371925,-484.639008,1.800000
RX_1196,94.012222,125.942589,1.800000
RX_1197,121.701675,-143.012634,1.800000
RX_1198,335.596466,-433.415741,1.800000
RX_1199,189.419357,219.778793,1.800000
RX_1200,-118.934113,442.641418,1.800000
RX_1201,-213.862610,83.624435,1.800000
RX_1202,402.840393,-231.681442,1.800000
RX_1203,-258.783966,-232.792618,1.800000
RX_1204,-255.785858,-155.236084,1.800000
RX_1205,417.686371,10.504892,1.800000
RX_1206,-124.153923,-97.386627,1.800000
RX_1207,-304.486786,-63.592640,1.800000
RX_1208,-302.195221,342.143097,1.800000
RX_1209,-262.691345,-41.278847,1.800000
RX_1210,-317.483856,-534.189453,1.800000
RX_1211,140.015945,269.108582,1.800000
RX_1212,392.116028,-21.140020,1.800000
RX_1213,103.148117,-178.778061,1.800000
RX_1214,26.890650,-203.286392,1.800000
RX_1215,-358.924713,438.363220,1.800000
RX_1216,68.924850,-51.961227,1.800000
RX_1217,-366.786774,237.109573,1.800000
RX_1218,-217.003586,-483.395386,1.800000
RX_1219,387.401672,347.070282,1.800000
RX_1220,267.628784,-49.287510,1.800000
RX_1221,311.323273,81.125610,1.800000
RX_1222,15.682775,147.576385,1.800000
RX_1223,-141.237869,97.752579,1.800000
RX_1224,171.152451,-472.406952,1.800000
RX_1225,-206.962997,-145.835342,1.800000
RX_1226,-339.062653,353.549500,1.800000
RX_1227,352.982025,270.092468,1.800000
RX_1228,-76.793549,-510.395203,1.800000
RX_1229,-169.387009,-437.970764,1.800000
RX_1230,37.465523,-345.265625,1.800000
RX_1231,86.650581,548.343201,1.800000
RX_1232,-314.909943,248.611298,1.800000
RX_1233,230.630508,306.236755,1.800000
RX_1234,345.231476,242.840057,1.800000
RX_1235,-86.717194,-231.416306,1.800000
RX_1236,-190.388046,-384.473785,1.800000
RX_1237,-274.954346,478.531830,1.800000
RX_1238,427.701263,143.974731,1.800000
RX_1239,-342.344116,-439.181671,1.800000
RX_1240,392.408112,-175.450714,1.800000
RX_1241,60.430824,357.042236,1.800000
RX_1242,163.683289,169.949371,1.800000
RX_1243,-297.538971,-82.864716,1.800000
RX_1244,369.136139,-395.677795,1.800000
RX_1245,371.130432,-412.830627,1.800000
RX_1246,-57.304855,-408.834076,1.800000
RX_1247,-107.219810,-90.579010,1.800000
RX_1248,-247.941101,72.221329,1.800000
RX_1249,-451.310577,-87.298874,1.800000
RX_1250,132.825317,391.247314,1.800000
RX_1251,126.675484,133.159363,1.800000
RX_1252,371.400421,-98.970695,1.800000
RX_1253,-358.855164,-397.442352,1.800000
RX_1254,-297.500458,238.162445,1.800000
RX_1255,-302.814606,-240.398422,1.800000
RX_1256,-128.968170,60.057068,1.800000
RX_1257,234.755035,197.443954,1.800000
RX_1258,-371.334351,-259.053253,1.800000
RX_1259,-49.710838,128.112595,1.800000
RX_1260,317.663940,-48.013924,1.800000
RX_1261,64.815376,130.134460,1.800000
RX_1262,313.424683,-210.441788,1.800000
RX_1263,-123.905540,240.416824,1.800000
RX_1264,-141.989685,-107.012039,1.800000
RX_1265,-422.065277,-268.706940,1.800000
RX_1266,-30.445137,-528.443970,1.800000
RX_1267,-308.149170,-252.909103,1.800000
RX_1268,-26.224703,-420.423920,1.800000
RX_1269,355.139893,335.527893,1.800000
RX_1270,-84.247856,-400.023285,1.800000
RX_1271,363.779877,-412.255554,1.800000
RX_1272,156.843506,219.617661,1.800000
RX_1273,-185.774933,87.151276,1.800000
RX_1274,351.077850,-19.345444,1.800000
RX_1275,-263.217438,-282.310608,1.800000
RX_1276,133.082153,-82.194618,1.800000
RX_1277,-93.971466,-235.124878,1.800000
RX_1278,124.505775,-132.313187,1.800000
RX_1279,61.529140,-56.782692,1.800000
RX_1280,0.044634,125.481163,1.800000
RX_1281,-261.212158,114.831161,1.800000
RX_1282,402.473450,-223.490662,1.800000
RX_1283,111.163483,485.593811,1.800000
RX_1284,-403.971924,-236.224319,1.800000
RX_1285,184.007141,394.494598,1.800000
RX_1286,-219.290558,-97.217651,1.800000
RX_1287,359.206421,277.436707,1.800000
RX_1288,-13.057766,-348.652405,1.800000
RX_1289,398.679260,353.330750,1.800000
RX_1290,-288.819000,-508.282288,1.800000
RX_1291,453.950348,129.273987,1.800000
RX_1292,-51.886574,434.385834,1.800000
RX_1293,-53.271854,219.242615,1.800000
RX_1294,-20.376678,-64.736053,1.800000
RX_1295,-365.859039,-455.511505,1.800000
RX_1296,257.616211,-209.122757,1.800000
RX_1297,-270.304901,-278.488800,1.800000
RX_1298,-391.903564,427.527374,1.800000
RX_1299,76.505180,-245.811600,1.800000
RX_1300,178.164993,-469.305267,1.800000
RX_1301,-108.663300,111.126495,1.800000
RX_1302,174.363861,247.880753,1.800000
RX_1303,128.421783,410.291656,1.800000
RX_1304,-39.626030,395.181122,1.800000
RX_1305,-265.233887,469.199219,1.800000
RX_1306,-285.124573,197.714981,1.800000
RX_1307,324.791473,564.985229,1.800000
RX_1308,-144.322357,-122.019829,1.800000
RX_1309,287.190155,-52.672787,1.800000
RX_1310,215.520004,-471.662689,1.800000
RX_1311,325.296997,48.989838,1.800000
RX_1312,252.706696,-205.143417,1.800000
RX_1313,-132.815338,-452.886383,1.800000
RX_1314,-446.342072,-106.653603,1.800000
RX_1315,325.352905,-418.916565,1.800000
RX_1316,-429.953583,314.925812,1.800000
RX_1317,-121.174301,-239.604691,1.800000
RX_1318,234.250900,70.552788,1.800000
RX_1319,-307.732056,365.680054,1.800000
RX_1320,142.871429,184.300278,1.800000
RX_1321,-375.901001,-235.914932,1.800000
RX_1322,51.256317,-44.874310,1.800000
RX_1323,53.957455,-356.003204,1.800000
RX_1324,-149.073090,409.865936,1.800000
RX_1325,190.989655,294.066650,1.800000
RX_1326,-79.676437,-84.921700,1.800000
RX_1327,117.881081,-169.143738,1.800000
RX_1328,253.064575,532.078247,1.800000
RX_1329,-35.814938,445.882202,1.800000
RX_1330,-245.253494,22.374624,1.800000
RX_1331,-226.355484,-50.789356,1.800000
RX_1332,-230.942566,-187.585846,1.800000
RX_1333,139.092087,366.528748,1.800000
RX_1334,-199.417053,-231.093063,1.800000
RX_1335,-88.254761,-465.275635,1.800000
RX_1336,-105.025017,338.913116,1.800000
RX_1337,-79.119202,-106.130081,1.800000
RX_1338,-145.350266,-296.921295,1.800000
RX_1339,393.238525,-183.287811,1.800000
RX_1340,131.429688,-148.450867,1.800000
RX_1341,-80.714470,286.365295,1.800000
RX_1342,454.094116,309.472778,1.800000
RX_1343,-32.381294,-283.247040,1.800000
RX_1344,-13.045968,-65.756844,1.800000
RX_1345,-97.655441,-372.234009,1.800000
RX_1346,-356.993439,38.958183,1.800000
RX_1347,-401.415100,-469.043884,1.800000
RX_1348,-278.998657,-498.898102,1.800000
RX_1349,-217.297394,-220.772598,1.800000
RX_1350,-264.179138,-195.439499,1.800000
RX_1351,28.574320,-34.316414,1.800000
RX_1352,343.572876,-14.220291,1.800000
RX_1353,15.269382,-68.017227,1.800000
RX_1354,211.382721,-15.765886,1.800000
RX_1355,-16.084347,367.307098,1.800000
RX_1356,-156.735626,499.271637,1.800000
RX_1357,-212.960983,-95.059525,1.800000
RX_1358,347.273529,235.535370,1.800000
RX_1359,304.111481,-174.390503,1.800000
RX_1360,-267.353363,-494.527100,1.800000
RX_1361,398.803436,-125.584969,1.800000
RX_1362,-276.134857,117.999146,1.800000
RX_1363,-274.720612,-251.520035,1.800000
RX_1364,226.475204,194.519363,1.800000
RX_1365,60.623646,-353.148804,1.800000
RX_1366,-260.833038,-161.908829,1.800000
RX_1367,-350.834351,15.868114,1.800000
RX_1368,114.074921,-113.916328,1.800000
RX_1369,-242.508469,13.408556,1.800000
RX_1370,291.872711,-132.953461,1.800000
RX_1371,31.124874,-231.526581,1.800000
RX_1372,293.555328,151.181015,1.800000
RX_1373,-330.581085,-492.620941,1.800000
RX_1374,-15.928026,82.834167,1.800000
RX_1375,-351.933716,-256.510895,1.800000
RX_1376,149.881256,-77.911728,1.800000
RX_1377,374.000824,397.470337,1.800000
RX_1378,264.160614,-237.179855,1.800000
RX_1379,-0.215182,54.460098,1.800000
RX_1380,293.433990,-57.145283,1.800000
RX_1381,181.007080,-69.624352,1.800000
RX_1382,-409.354645,-383.041107,1.800000
RX_1383,23.166973,-80.616051,1.800000
RX_1384,353.114929,421.001556,1.800000
RX_1385,-130.095810,481.221619,1.800000
RX_1386,91.742149,134.979294,1.800000
RX_1387,-388.233978,27.651752,1.800000
RX_1388,139.223236,384.460968,1.800000
RX_1389,241.264771,405.655396,1.800000
RX_1390,250.765060,176.425751,1.800000
RX_1391,314.113892,-204.247925,1.800000
RX_1392,112.786476,-366.277771,1.800000
RX_1393,413.484131,463.055634,1.800000
RX_1394,-343.291443,3.171865,1.800000
RX_1395,30.148834,-510.016632,1.800000
RX_1396,342.797821,458.934723,1.800000
RX_1397,392.025543,-416.291779,1.800000
RX_1398,-30.425259,146.450989,1.800000
RX_1399,-433.565887,112.026733,1.800000
RX_1400,-127.134544,-362.710754,1.800000
RX_1401,-369.810120,452.841309,1.800000
RX_1402,15.523561,-402.881622,1.800000
RX_1403,-229.456726,9.647432,1.800000
RX_1404,47.070065,-184.002060,1.800000
RX_1405,-143.313980,-311.181580,1.800000
RX_1406,315.370453,426.176727,1.800000
RX_1407,-278.835022,-57.715893,1.800000
RX_1408,-204.957794,-372.590118,1.800000
RX_1409,178.310394,149.118912,1.800000
RX_1410,-238.812607,-211.027008,1.800000
RX_1411,-172.639053,-379.479736,1.800000
RX_1412,-70.515472,279.103668,1.800000
RX_1413,-329.632141,45.967232,1.800000
RX_1414,-96.240974,352.960785,1.800000
RX_1415,-351.442871,-426.414093,1.800000
RX_1416,122.092987,-115.388550,1.800000
RX_1417,15.302131,-25.647705,1.800000
RX_1418,-72.370239,-520.436279,1.800000
RX_1419,-167.413727,516.654175,1.800000
RX_1420,383.685944,-196.881409,1.800000
RX_1421,-105.037155,414.915039,1.800000
RX_1422,106.126793,-287.582031,1.800000
RX_1423,-325.327606,462.073059,1.800000
RX_1424,278.711548,-46.067631,1.800000
RX_1425,-216.658493,499.819031,1.800000
RX_1426,108.442261,-240.165512,1.800000
RX_1427,-440.550446,99.939270,1.800000
RX_1428,-174.608826,-275.370270,1.800000
RX_1429,-81.360939,-216.575150,1.800000
RX_1430,233.669724,-59.326660,1.800000
RX_1431,-22.952394,-71.655029,1.800000
RX_1432,314.388794,-191.741104,1.800000
RX_1433,369.707062,376.552460,1.800000
RX_1434,236.385696,63.438332,1.800000
RX_1435,-294.950684,228.712112,1.800000
RX_1436,-130.522552,345.237091,1.800000
RX_1437,-290.734955,-49.800053,1.800000
RX_1438,-180.776535,-276.370758,1.800000
RX_1439,-21.558096,-85.394318,1.800000
RX_1440,249.529465,-445.156799,1.800000
RX_1441,313.450897,601.529541,1.800000
RX_1442,-303.628815,-114.658730,1.800000
RX_1443,390.281372,-189.138840,1.800000
RX_1444,144.729004,349.060547,1.800000
RX_1445,-221.411499,-69.005371,1.800000
RX_1446,-15.603989,139.002014,1.800000
RX_1447,-275.805176,111.562698,1.800000
RX_1448,-211.802094,-102.600418,1.800000
RX_1449,-89.972855,427.878265,1.800000
RX_1450,-1.393677,17.344248,1.800000
RX_1451,-206.245224,-425.845856,1.800000
RX_1452,306.282318,548.667236,1.800000
RX_1453,332.716919,-314.791748,1.800000
RX_1454,200.161179,-80.179916,1.800000
RX_1455,-402.387756,424.751617,1.800000
RX_1456,186.921509,510.282043,1.800000
RX_1457,35.415981,-40.041946,1.800000
RX_1458,60.174587,476.375793,1.800000
RX_1459,329.109100,-264.502533,1.800000
RX_1460,-408.653839,-398.463104,1.800000
RX_1461,-412.974335,-390.004089,1.800000
RX_1462,12.272380,-236.917587,1.800000
RX_1463,-307.362122,-569.285583,1.800000
RX_1464,-308.322632,-223.994507,1.800000
RX_1465,-421.969604,299.559875,1.800000
RX_1466,-405.846710,-473.843842,1.800000
RX_1467,397.102783,-404.153137,1.800000
RX_1468,-15.468542,96.087433,1.800000
RX_1469,-464.869171,-51.226532,1.800000
RX_1470,119.267410,-128.310287,1.800000
RX_1471,-420.747559,-180.937057,1.800000
RX_1472,-336.113831,-248.403503,1.800000
RX_1473,406.065643,293.774475,1.800000
RX_1474,-351.747498,357.162231,1.800000
RX_1475,-367.225891,5.369117,1.800000
RX_1476,319.327911,-229.867584,1.800000
RX_1477,-341.147888,-464.121582,1.800000
RX_1478,-346.317474,352.583069,1.800000
RX_1479,323.380615,-245.567032,1.800000
RX_1480,-70.949181,431.735962,1.800000
RX_1481,280.423889,232.372589,1.800000
RX_1482,355.147125,343.142273,1.800000
RX_1483,401.283905,58.920891,1.800000
RX_1484,-20.144321,230.344940,1.800000
RX_1485,-413.089630,-3.770402,1.800000
RX_1486,224.488754,-100.465218,1.800000
RX_1487,-426.568726,432.409821,1.800000
RX_1488,304.510468,-430.804169,1.800000
RX_1489,-235.368027,-17.100517,1.800000
RX_1490,-209.322647,-76.683777,1.800000
RX_1491,112.219131,153.779129,1.800000
RX_1492,214.475021,-144.886490,1.800000
RX_1493,-336.812988,-455.776031,1.800000
RX_1494,209.836838,-75.329391,1.800000
RX_1495,-213.752045,387.928833,1.800000
RX_1496,91.232933,-288.483063,1.800000
RX_1497,-240.675247,386.714111,1.800000
RX_1498,-223.057617,-479.906433,1.800000
RX_1499,374.317322,150.363541,1.800000
RX_1500,-330.553497,-7.128700,1.800000
RX_1501,280.274170,-39.224144,1.800000
RX_1502,264.017914,-62.262173,1.800000
RX_1503,-47.649391,326.898468,1.800000
RX_1504,-55.238388,-431.899902,1.800000
RX_1505,-2.291155,458.704651,1.800000
RX_1506,-124.849709,21.541603,1.800000
RX_1507,198.871704,202.592896,1.800000
RX_1508,-134.606567,-117.445686,1.800000
RX_1509,46.576866,-505.351929,1.800000
RX_1510,-127.602455,468.043976,1.800000
RX_1511,-105.309875,276.021210,1.800000
RX_1512,-179.862839,-138.167557,1.800000
RX_1513,367.530457,180.983139,1.800000
RX_1514,109.979004,269.068939,1.800000
RX_1515,-345.994019,462.515442,1.800000
RX_1516,-297.578094,173.379822,1.800000
RX_1517,-429.330231,419.709320,1.800000
RX_1518,89.041153,542.237976,1.800000
RX_1519,-235.330887,-265.421509,1.800000
RX_1520,222.654861,102.049789,1.800000
RX_1521,340.957642,-36.983765,1.800000
RX_1522,-137.680679,-374.941620,1.800000
RX_1523,-318.813599,-378.422363,1.800000
RX_1524,-232.398224,-3.627856,1.800000
RX_1525,-430.820221,-141.246429,1.800000
RX_1526,-436.208618,-125.999306,1.800000
RX_1527,62.091999,-164.817795,1.800000
RX_1528,-443.783600,89.551498,1.800000
RX_1529,80.685577,-251.491684,1.800000
RX_1530,-359.582245,402.081177,1.800000
RX_1531,-443.623566,435.039917,1.800000
RX_1532,-231.638062,-375.962952,1.800000
RX_1533,91.974022,269.041962,1.800000
RX_1534,-314.517059,-245.240158,1.800000
RX_1535,136.285843,278.140625,1.800000
RX_1536,255.563858,408.516541,1.800000
RX_1537,367.385681,-32.025490,1.800000
RX_1538,154.441986,167.917236,1.800000
RX_1539,9.864891,-6.844149,1.800000
RX_1540,-434.178497,-280.074738,1.800000
RX_1541,9.522768,-70.921249,1.800000
RX_1542,-317.718109,469.803589,1.800000
RX_1543,300.294373,117.800339,1.800000
RX_1544,-218.627487,-132.708969,1.800000
RX_1545,-99.289055,-483.642883,1.800000
RX_1546,115.848267,-162.044449,1.800000
RX_1547,13.610579,-12.950541,1.800000
RX_1548,-293.716644,33.965359,1.800000
RX_1549,-268.786041,-232.299332,1.800000
RX_1550,-462.150940,67.069794,1.800000
RX_1551,-100.180283,-429.712891,1.800000
RX_1552,-409.576202,445.441681,1.800000
RX_1553,160.077713,300.275299,1.800000
RX_1554,-366.183167,440.674744,1.800000
RX_1555,-51.976360,236.712662,1.800000
RX_1556,357.920837,195.050690,1.800000
RX_1557,96.078796,120.190979,1.800000
RX_1558,-421.013641,-195.520477,1.800000
RX_1559,-392.863312,-245.194260,1.800000
RX_1560,-186.088089,-144.741959,1.800000
RX_1561,-299.323242,-69.000946,1.800000
RX_1562,180.765244,293.175934,1.800000
RX_1563,-35.971897,123.790169,1.800000
RX_1564,-85.471382,-350.914520,1.800000
RX_1565,-203.508347,-439.788696,1.800000
RX_1566,-234.708878,314.006683,1.800000
RX_1567,-268.820862,-54.756741,1.800000
RX_1568,100.267036,-185.326645,1.800000
RX_1569,-115.564827,257.632568,1.800000
RX_1570,227.663269,-108.193649,1.800000
RX_1571,22.671770,488.535767,1.800000
RX_1572,173.678696,387.074432,1.800000
RX_1573,167.836258,275.873108,1.800000
RX_1574,146.895752,-224.408951,1.800000
RX_1575,-123.314232,-397.719940,1.800000
RX_1576,161.867905,144.162582,1.800000
RX_1577,-137.293640,-364.908569,1.800000
RX_1578,391.095398,-406.333313,1.800000
RX_1579,143.774811,165.741959,1.800000
RX_1580,167.582336,289.700317,1.800000
RX_1581,-295.893829,17.709106,1.800000
RX_1582,315.130188,-424.392181,1.800000
RX_1583,223.992340,405.353882,1.800000
RX_1584,-75.716209,-437.125824,1.800000
RX_1585,-105.395088,-222.521667,1.800000
RX_1586,-12.828652,63.001274,1.800000
RX_1587,213.725525,-218.411072,1.800000
RX_1588,-222.453217,389.542480,1.800000
RX_1589,-185.984283,-118.841408,1.800000
RX_1590,80.383507,358.088318,1.800000
RX_1591,-407.825531,-251.969727,1.800000
RX_1592,330.718994,498.273438,1.800000
RX_1593,-377.088287,455.030975,1.800000
RX_1594,-93.080177,-18.824038,1.800000
RX_1595,-125.695534,216.186752,1.800000
RX_1596,-485.216858,-289.075897,1.800000
RX_1597,-117.272629,346.959869,1.800000
RX_1598,403.188416,-204.646667,1.800000
RX_1599,-146.017029,-289.890045,1.800000
RX_1600,-220.291718,-172.935318,1.800000
RX_1601,-219.281967,-254.035126,1.800000
RX_1602,-271.811462,129.383545,1.800000
RX_1603,-185.893951,397.343231,1.800000
RX_1604,262.468170,223.055237,1.800000
RX_1605,150.052734,241.872528,1.800000
RX_1606,-202.315781,-182.661972,1.800000
RX_1607,-311.801819,358.814545,1.800000
RX_1608,180.341354,232.824158,1.800000
RX_1609,239.843658,214.019409,1.800000
RX_1610,-218.166153,-76.456505,1.800000
RX_1611,-52.889061,185.378540,1.800000
RX_1612,-293.682770,458.396332,1.800000
RX_1613,-367.924347,-375.933990,1.800000
RX_1614,-123.210312,49.667583,1.800000
RX_1615,327.794220,243.797638,1.800000
RX_1616,-182.010422,493.695160,1.800000
RX_1617,-253.301636,27.478584,1.800000
RX_1618,-24.056656,446.496155,1.800000
RX_1619,32.211384,107.319016,1.800000
RX_1620,439.622192,-222.347534,1.800000
RX_1621,-32.283680,131.802170,1.800000
RX_1622,-415.586548,13.488019,1.800000
RX_1623,-134.794022,-253.545807,1.800000
RX_1624,-110.121368,26.628031,1.800000
RX_1625,-43.523560,-257.605011,1.800000
RX_1626,-219.197556,481.275330,1.800000
RX_1627,57.638119,253.000702,1.800000
RX_1628,-214.347061,-205.593384,1.800000
RX_1629,244.720093,411.200012,1.800000
RX_1630,438.410278,-107.833023,1.800000
RX_1631,-427.854706,116.606506,1.800000
RX_1632,-75.058960,296.256012,1.800000
RX_1633,322.917969,433.001495,1.800000
RX_1634,139.665817,-371.178223,1.800000
RX_1635,-321.558258,-259.539703,1.800000
RX_1636,-21.404917,-197.330872,1.800000
RX_1637,-385.856781,-22.843781,1.800000
RX_1638,337.755249,524.855957,1.800000
RX_1639,174.066498,173.339676,1.800000
RX_1640,-140.915131,-348.553619,1.800000
RX_1641,-120.559212,306.153625,1.800000
RX_1642,114.357880,-324.976288,1.800000
RX_1643,260.125183,-332.355042,1.800000
RX_1644,-401.518311,-12.939918,1.800000
RX_1645,210.988220,-5.924263,1.800000
RX_1646,-195.218323,397.744995,1.800000
RX_1647,-175.572495,-249.284592,1.800000
RX_1648,-116.499352,-450.391022,1.800000
RX_1649,230.093964,523.189148,1.800000
RX_1650,129.190582,-141.803360,1.800000
RX_1651,242.929962,25.445066,1.800000
RX_1652,-285.849945,-130.014771,1.800000
RX_1653,371.570709,-107.574738,1.800000
RX_1654,279.636108,196.873856,1.800000
RX_1655,70.009605,-496.696991,1.800000
RX_1656,151.466629,189.603546,1.800000
RX_1657,-21.648886,-527.226013,1.800000
RX_1658,-286.218445,-501.746704,1.800000
RX_1659,9.028339,-377.921936,1.800000
RX_1660,334.017212,25.957197,1.800000
RX_1661,-229.372101,-484.875732,1.800000
RX_1662,330.034851,-213.997910,1.800000
RX_1663,-409.029816,428.499969,1.800000
RX_1664,133.368011,402.652283,1.800000
RX_1665,-356.665741,372.007599,1.800000
RX_1666,298.175720,-160.068939,1.800000
RX_1667,88.997223,-279.295837,1.800000
RX_1668,72.677216,-166.442398,1.800000
RX_1669,-261.379120,483.835999,1.800000
RX_1670,-401.398773,274.208130,1.800000
RX_1671,-416.129181,-58.294884,1.800000
RX_1672,-404.160370,-7.351645,1.800000
RX_1673,-399.118103,-411.684357,1.800000
RX_1674,222.008469,-454.160614,1.800000
RX_1675,340.564545,-303.245941,1.800000
RX_1676,264.864594,-452.952209,1.800000
RX_1677,114.466995,142.713562,1.800000
RX_1678,87.024933,-214.282257,1.800000
RX_1679,41.591454,58.164608,1.800000
RX_1680,322.228241,-43.619888,1.800000
RX_1681,459.598236,131.737686,1.800000
RX_1682,-456.778595,428.137573,1.800000
RX_1683,-466.077087,-269.100494,1.800000
RX_1684,219.359711,-210.552628,1.800000
RX_1685,-202.805054,490.802490,1.800000
RX_1686,-126.619476,321.019165,1.800000
RX_1687,50.786369,-394.483582,1.800000
RX_1688,296.070312,-446.212067,1.800000
RX_1689,-34.738228,176.558517,1.800000
RX_1690,-293.501465,-286.478607,1.800000
RX_1691,-118.415359,404.893250,1.800000
RX_1692,106.772530,176.914474,1.800000
RX_1693,-91.268120,30.237223,1.800000
RX_1694,224.125397,-53.224121,1.800000
RX_1695,179.740250,509.536163,1.800000
RX_1696,-313.764587,-545.907837,1.800000
RX_1697,-157.181198,520.573914,1.800000
RX_1698,102.098755,-240.766510,1.800000
RX_1699,358.487885,400.871338,1.800000
RX_1700,91.151978,-60.397549,1.800000
RX_1701,299.648315,-425.191925,1.800000
RX_1702,180.954697,196.613098,1.800000
RX_1703,-170.952972,405.033142,1.800000
RX_1704,-58.233643,205.987381,1.800000
RX_1705,41.529842,468.399628,1.800000
RX_1706,-318.809967,-54.597275,1.800000
RX_1707,414.408813,-263.493103,1.800000
RX_1708,-400.867340,155.491760,1.800000
RX_1709,-337.211700,43.932518,1.800000
RX_1710,-268.112701,95.060516,1.800000
RX_1711,-186.892166,-111.315529,1.800000
RX_1712,-265.593689,135.287537,1.800000
RX_1713,-115.064651,392.036652,1.800000
RX_1714,-152.409546,-111.196640,1.800000
RX_1715,27.955112,-184.535049,1.800000
RX_1716,206.466919,-218.003555,1.800000
RX_1717,43.250832,-58.090378,1.800000
RX_1718,123.801414,156.775482,1.800000
RX_1719,-354.543182,414.319305,1.800000
RX_1720,205.142151,516.339111,1.800000
RX_1721,171.867966,-464.536926,1.800000
RX_1722,114.178589,457.999481,1.800000
RX_1723,90.482353,170.041153,1.800000
RX_1724,217.201508,209.761124,1.800000
RX_1725,-397.422760,161.800873,1.800000
RX_1726,76.745674,-46.090885,1.800000
RX_1727,-441.723816,-120.873505,1.800000
RX_1728,-3.882675,-212.195450,1.800000
RX_1729,287.552307,-59.136932,1.800000
RX_1730,68.009697,-223.239410,1.800000
RX_1731,194.051636,186.067200,1.800000
RX_1732,90.752060,-295.343445,1.800000
RX_1733,170.689774,259.136627,1.800000
RX_1734,139.584351,-412.169220,1.800000
RX_1735,-199.986267,-275.905884,1.800000
RX_1736,-46.829056,-528.791992,1.800000
RX_1737,209.502274,-66.680176,1.800000
RX_1738,-50.607910,-533.945312,1.800000
RX_1739,372.490540,412.441895,1.800000
RX_1740,397.689026,-194.535812,1.800000
RX_1741,-222.875885,-9.956856,1.800000
RX_1742,-136.633728,-313.396606,1.800000
RX_1743,-75.334129,-396.980713,1.800000
RX_1744,-307.483795,258.255219,1.800000
RX_1745,-60.638798,265.038300,1.800000
RX_1746,-123.925499,111.442497,1.800000
RX_1747,14.720215,-515.572327,1.800000
RX_1748,-186.921616,506.762054,1.800000
RX_1749,-370.289978,-401.847198,1.800000
RX_1750,-73.555328,286.087799,1.800000
RX_1751,136.539001,-257.882324,1.800000
RX_1752,-94.898804,-111.242599,1.800000
RX_1753,356.009766,-358.803833,1.800000
RX_1754,-137.797653,340.746368,1.800000
RX_1755,184.772690,-219.852539,1.800000
RX_1756,123.440605,274.152344,1.800000
RX_1757,-123.396194,-449.713104,1.800000
RX_1758,-128.389954,-385.181122,1.800000
RX_1759,243.754715,40.267067,1.800000
RX_1760,-85.681160,242.183075,1.800000
RX_1761,-64.592186,272.679779,1.800000
RX_1762,-89.821793,120.025871,1.800000
RX_1763,-327.712189,-246.889450,1.800000
RX_1764,-196.525696,-474.659698,1.800000
RX_1765,-364.422333,406.196838,1.800000
RX_1766,88.375916,-192.897766,1.800000
RX_1767,-135.790619,-13.464708,1.800000
RX_1768,-42.020969,131.997742,1.800000
RX_1769,88.581078,360.542145,1.800000
RX_1770,-278.159393,12.352354,1.800000
RX_1771,-356.398315,-231.377060,1.800000
RX_1772,351.835815,216.292587,1.800000
RX_1773,-307.152588,-69.015686,1.800000
RX_1774,258.509644,-6.369643,1.800000
RX_1775,130.209442,279.111755,1.800000
RX_1776,-60.914684,439.305725,1.800000
RX_1777,-138.152466,75.973816,1.800000
RX_1778,-254.540787,-148.346542,1.800000
RX_1779,443.459686,188.942764,1.800000
RX_1780,-80.961815,333.088989,1.800000
RX_1781,-169.576431,-426.005859,1.800000
RX_1782,64.949928,-205.643295,1.800000
RX_1783,318.687317,-33.404697,1.800000
RX_1784,-257.537842,-177.909546,1.800000
RX_1785,-437.015564,106.310921,1.800000
RX_1786,-287.562866,-300.073273,1.800000
RX_1787,347.643219,248.493591,1.800000
RX_1788,279.041748,-200.327728,1.800000
RX_1789,267.938354,-335.295105,1.800000
RX_1790,397.955017,-24.448627,1.800000
RX_1791,33.906029,-352.984894,1.800000
RX_1792,150.462204,279.959595,1.800000
RX_1793,300.112061,544.771301,1.800000
RX_1794,-440.691223,417.695465,1.800000
RX_1795,301.673950,135.642700,1.800000
RX_1796,274.670654,-205.267303,1.800000
RX_1797,-221.358658,-142.562057,1.800000
RX_1798,-239.385925,-3.590851,1.800000
RX_1799,-117.034164,236.536118,1.800000
RX_1800,410.880737,297.447418,1.800000
RX_1801,422.342041,-17.838177,1.800000
RX_1802,-248.216461,10.528687,1.800000
RX_1803,-370.543640,209.780609,1.800000
RX_1804,23.269836,-28.912481,1.800000
RX_1805,94.626099,150.793091,1.800000
RX_1806,-248.894516,-256.137085,1.800000
RX_1807,-316.386414,283.947357,1.800000
RX_1808,-25.756054,111.409241,1.800000
RX_1809,-385.550568,-376.110413,1.800000
RX_1810,316.962463,68.902893,1.800000
RX_1811,-224.518982,-59.923389,1.800000
RX_1812,192.255524,-222.998001,1.800000
RX_1813,227.580597,-462.962280,1.800000
RX_1814,-305.346069,-511.333130,1.800000
RX_1815,388.244263,332.464722,1.800000
RX_1816,281.100128,203.176697,1.800000
RX_1817,-31.854780,-72.766632,1.800000
RX_1818,-297.839417,-126.920036,1.800000
RX_1819,122.366806,176.944733,1.800000
RX_1820,261.476624,-48.787758,1.800000
RX_1821,-261.002258,105.981094,1.800000
RX_1822,-131.833344,-349.056793,1.800000
RX_1823,15.922606,-82.836037,1.800000
RX_1824,-243.280838,41.348846,1.800000
RX_1825,-168.198059,-387.779083,1.800000
RX_1826,-272.967712,-42.704494,1.800000
RX_1827,364.437225,-379.410065,1.800000
RX_1828,-334.506256,447.723877,1.800000
RX_1829,-137.566605,-327.489563,1.800000
RX_1830,-353.934906,405.253418,1.800000
RX_1831,-72.585266,-387.157837,1.800000
RX_1832,-197.798203,-238.735916,1.800000
RX_1833,464.898163,-238.941940,1.800000
RX_1834,102.200722,-110.282112,1.800000
RX_1835,221.293518,116.465446,1.800000
RX_1836,-353.125458,0.337178,1.800000
RX_1837,304.885498,113.439453,1.800000
RX_1838,-358.494354,377.802948,1.800000
RX_1839,-151.450485,-304.684235,1.800000
RX_1840,208.350677,-456.371796,1.800000
RX_1841,-203.197510,-388.142120,1.800000
RX_1842,29.147980,119.026344,1.800000
RX_1843,-448.395477,417.692932,1.800000
RX_1844,-115.994324,-382.474487,1.800000
RX_1845,-204.692703,-114.348969,1.800000
RX_1846,229.879211,84.427048,1.800000
RX_1847,253.432983,-339.968872,1.800000
RX_1848,100.891800,-326.535095,1.800000
RX_1849,-100.111435,-217.276321,1.800000
RX_1850,-441.498383,-282.561401,1.800000
RX_1851,-407.698212,-71.562378,1.800000
RX_1852,-97.238617,340.339447,1.800000
RX_1853,-158.175705,-273.296112,1.800000
RX_1854,-331.284058,459.792694,1.800000
RX_1855,346.598267,-301.483826,1.800000
RX_1856,106.563080,-381.202545,1.800000
RX_1857,364.957764,451.168427,1.800000
RX_1858,373.737122,-205.621994,1.800000
RX_1859,298.257446,-136.933456,1.800000
RX_1860,-476.370575,-14.306854,1.800000
RX_1861,-458.154724,-266.455902,1.800000
RX_1862,-339.383759,-385.730225,1.800000
RX_1863,104.877335,365.470093,1.800000
RX_1864,-407.417236,-404.629364,1.800000
RX_1865,273.901093,-267.075745,1.800000
RX_1866,434.550232,150.251221,1.800000
RX_1867,117.175034,127.997169,1.800000
RX_1868,-211.736130,395.150452,1.800000
RX_1869,-298.295837,-596.109253,1.800000
RX_1870,-453.797882,72.908958,1.800000
RX_1871,-286.574219,-267.607330,1.800000
RX_1872,410.791016,288.197968,1.800000
RX_1873,128.078491,417.434692,1.800000
RX_1874,-44.866840,154.785385,1.800000
RX_1875,110.911186,-66.809723,1.800000
RX_1876,-327.565247,272.685516,1.800000
RX_1877,291.435486,159.472794,1.800000
RX_1878,285.319763,-309.513428,1.800000
RX_1879,28.984276,348.936554,1.800000
RX_1880,-283.177063,466.454987,1.800000
RX_1881,95.401863,530.138306,1.800000
RX_1882,-163.944489,95.530685,1.800000
RX_1883,-194.979309,-32.699066,1.800000
RX_1884,-274.699432,142.300613,1.800000
RX_1885,-111.012375,264.318390,1.800000
RX_1886,447.876312,-225.454849,1.800000
RX_1887,409.670868,455.790497,1.800000
RX_1888,-406.520752,-392.486237,1.800000
RX_1889,310.775757,-183.911591,1.800000
RX_1890,11.392850,124.730492,1.800000
RX_1891,-267.302765,116.821060,1.800000
RX_1892,83.507484,476.996399,1.800000
RX_1893,425.038910,-398.038086,1.800000
RX_1894,341.061829,498.539917,1.800000
RX_1895,323.650787,38.706505,1.800000
RX_1896,370.917206,353.712372,1.800000
RX_1897,-87.729446,-42.189392,1.800000
RX_1898,-437.738739,437.224609,1.800000
RX_1899,443.951721,-112.058746,1.800000
RX_1900,-286.543671,136.916718,1.800000
RX_1901,-283.185150,336.945862,1.800000
RX_1902,318.206360,551.479553,1.800000
RX_1903,-377.523529,247.490479,1.800000
RX_1904,-148.607224,-461.690826,1.800000
RX_1905,-91.341423,-510.790649,1.800000
RX_1906,-346.818268,344.274017,1.800000
RX_1907,382.734741,-403.122742,1.800000
RX_1908,141.055908,-102.639816,1.800000
RX_1909,81.429649,-345.195435,1.800000
RX_1910,-160.438324,-295.298492,1.800000
RX_1911,151.390945,345.116058,1.800000
RX_1912,-64.197708,-396.002136,1.800000
RX_1913,193.000977,-473.805359,1.800000
RX_1914,73.559235,-389.830048,1.800000
RX_1915,-203.993179,-198.497772,1.800000
RX_1916,-103.129143,384.409515,1.800000
RX_1917,-176.612396,-468.400757,1.800000
RX_1918,-189.029633,-261.039734,1.800000
RX_1919,-197.750031,-467.057251,1.800000
RX_1920,83.221313,169.957474,1.800000
RX_1921,451.452484,162.007233,1.800000
RX_1922,492.980286,-252.503479,1.800000
RX_1923,-197.566833,487.665619,1.800000
RX_1924,456.422028,475.192169,1.800000
RX_1925,-57.467567,-99.949715,1.800000
RX_1926,240.080688,-448.464752,1.800000
RX_1927,-320.917542,303.933685,1.800000
RX_1928,-53.554100,322.681946,1.800000
RX_1929,-415.415436,-270.611237,1.800000
RX_1930,436.070129,158.288315,1.800000
RX_1931,-64.660652,225.384689,1.800000
RX_1932,411.748962,-16.448816,1.800000
RX_1933,-210.626160,318.346344,1.800000
RX_1934,-129.966705,-398.245209,1.800000
RX_1935,-14.167656,-414.007050,1.800000
RX_1936,418.195770,157.715546,1.800000
RX_1937,-137.951813,481.570770,1.800000
RX_1938,-3.369097,-380.768402,1.800000
RX_1939,-393.600159,-271.328857,1.800000
RX_1940,123.524277,-164.275085,1.800000
RX_1941,-88.938637,308.394745,1.800000
RX_1942,-93.567520,-457.460144,1.800000
RX_1943,197.307510,-148.114410,1.800000
RX_1944,35.552135,-182.317047,1.800000
RX_1945,221.725159,94.264084,1.800000
RX_1946,-396.036530,434.738678,1.800000
RX_1947,224.275024,524.903015,1.800000
RX_1948,-177.394211,405.618164,1.800000
RX_1949,14.737781,-395.067047,1.800000
RX_1950,-37.762314,-196.877853,1.800000
RX_1951,-243.519653,-153.406601,1.800000
RX_1952,187.825897,-87.850685,1.800000
RX_1953,396.536285,104.367012,1.800000
RX_1954,-392.455170,166.367416,1.800000
RX_1955,-246.978745,-230.376068,1.800000
RX_1956,339.848663,464.875854,1.800000
RX_1957,13.955779,87.388924,1.800000
RX_1958,-206.116577,-418.011566,1.800000
RX_1959,-19.647312,-329.953308,1.800000
RX_1960,19.855171,106.991905,1.800000
RX_1961,-426.847137,-171.707657,1.800000
RX_1962,50.668114,78.979500,1.800000
RX_1963,-305.751709,-53.342846,1.800000
RX_1964,-32.311455,380.016907,1.800000
RX_1965,-408.830811,-213.926514,1.800000
RX_1966,346.482361,479.281219,1.800000
RX_1967,327.418457,27.065704,1.800000
RX_1968,-94.883690,-389.259094,1.800000
RX_1969,9.511348,-226.502808,1.800000
RX_1970,109.470268,-90.632225,1.800000
RX_1971,-194.879364,84.201630,1.800000
RX_1972,268.142395,-436.295593,1.800000
RX_1973,361.852081,407.159424,1.800000
RX_1974,-454.538940,-76.419075,1.800000
RX_1975,326.996521,332.555023,1.800000
RX_1976,-61.791824,125.147438,1.800000
RX_1977,-314.298828,-283.157776,1.800000
RX_1978,269.897766,538.558289,1.800000
RX_1979,-413.316315,-26.897022,1.800000
RX_1980,362.481018,427.012604,1.800000
RX_1981,286.919189,542.862854,1.800000
RX_1982,190.913544,393.133820,1.800000
RX_1983,-120.592735,-7.419712,1.800000
RX_1984,410.774384,-394.844513,1.800000
RX_1985,283.047180,-450.030884,1.800000
RX_1986,-378.144318,-257.297241,1.800000
RX_1987,113.566711,-481.835876,1.800000
RX_1988,175.613953,-358.348236,1.800000
RX_1989,-320.669128,-528.297485,1.800000
RX_1990,304.791016,102.924385,1.800000
RX_1991,-251.079041,471.399231,1.800000
RX_1992,331.954468,531.461182,1.800000
RX_1993,-106.381554,302.240753,1.800000
RX_1994,-447.556610,425.542084,1.800000
RX_1995,-169.238800,-24.100451,1.800000
RX_1996,-292.228882,163.849213,1.800000
RX_1997,-174.084335,496.117920,1.800000
RX_1998,-221.166550,76.924675,1.800000
RX_1999,-81.065292,296.815765,1.800000
